/*
SQLyog Ultimate v8.32 
MySQL - 5.7.25 : Database - leadnews_article
*********************************************************************
*/

/*!40101 SET NAMES utf8 */;

/*!40101 SET SQL_MODE=''*/;

/*!40014 SET @OLD_UNIQUE_CHECKS=@@UNIQUE_CHECKS, UNIQUE_CHECKS=0 */;
/*!40014 SET @OLD_FOREIGN_KEY_CHECKS=@@FOREIGN_KEY_CHECKS, FOREIGN_KEY_CHECKS=0 */;
/*!40101 SET @OLD_SQL_MODE=@@SQL_MODE, SQL_MODE='NO_AUTO_VALUE_ON_ZERO' */;
/*!40111 SET @OLD_SQL_NOTES=@@SQL_NOTES, SQL_NOTES=0 */;
CREATE DATABASE /*!32312 IF NOT EXISTS*/`leadnews_article` /*!40100 DEFAULT CHARACTER SET utf8mb4 COLLATE utf8mb4_unicode_ci */;

USE `leadnews_article`;

/*Table structure for table `ap_article` */

DROP TABLE IF EXISTS `ap_article`;

CREATE TABLE `ap_article` (
  `id` bigint(20) unsigned NOT NULL AUTO_INCREMENT,
  `title` varchar(50) COLLATE utf8mb4_unicode_ci DEFAULT NULL COMMENT '标题',
  `author_id` int(11) unsigned DEFAULT NULL COMMENT '文章作者的ID',
  `author_name` varchar(20) COLLATE utf8mb4_unicode_ci DEFAULT NULL COMMENT '作者昵称',
  `channel_id` int(10) unsigned DEFAULT NULL COMMENT '文章所属频道ID',
  `channel_name` varchar(10) COLLATE utf8mb4_unicode_ci DEFAULT NULL COMMENT '频道名称',
  `layout` tinyint(1) unsigned DEFAULT NULL COMMENT '文章布局\r\n            0 无图文章\r\n            1 单图文章\r\n            2 多图文章',
  `flag` tinyint(3) unsigned DEFAULT NULL COMMENT '文章标记\r\n            0 普通文章\r\n            1 热点文章\r\n            2 置顶文章\r\n            3 精品文章\r\n            4 大V 文章',
  `images` varchar(1000) COLLATE utf8mb4_unicode_ci DEFAULT NULL COMMENT '文章图片\r\n            多张逗号分隔',
  `labels` varchar(500) COLLATE utf8mb4_unicode_ci DEFAULT NULL COMMENT '文章标签最多3个 逗号分隔',
  `likes` int(5) unsigned DEFAULT NULL COMMENT '点赞数量',
  `collection` int(5) unsigned DEFAULT NULL COMMENT '收藏数量',
  `comment` int(5) unsigned DEFAULT NULL COMMENT '评论数量',
  `views` int(5) unsigned DEFAULT NULL COMMENT '阅读数量',
  `province_id` int(11) unsigned DEFAULT NULL COMMENT '省市',
  `city_id` int(11) unsigned DEFAULT NULL COMMENT '市区',
  `county_id` int(11) unsigned DEFAULT NULL COMMENT '区县',
  `created_time` datetime DEFAULT NULL COMMENT '创建时间',
  `publish_time` datetime DEFAULT NULL COMMENT '发布时间',
  `sync_status` tinyint(1) DEFAULT '0' COMMENT '同步状态',
  `origin` tinyint(1) unsigned DEFAULT '0' COMMENT '来源',
  `static_url` varchar(255) COLLATE utf8mb4_unicode_ci DEFAULT NULL COMMENT '静态页路径',
  PRIMARY KEY (`id`) USING BTREE
) ENGINE=InnoDB AUTO_INCREMENT=1466610229394309122 DEFAULT CHARSET=utf8mb4 COLLATE=utf8mb4_unicode_ci ROW_FORMAT=DYNAMIC COMMENT='文章信息表，存储已发布的文章';

/*Data for the table `ap_article` */

insert  into `ap_article`(`id`,`title`,`author_id`,`author_name`,`channel_id`,`channel_name`,`layout`,`flag`,`images`,`labels`,`likes`,`collection`,`comment`,`views`,`province_id`,`city_id`,`county_id`,`created_time`,`publish_time`,`sync_status`,`origin`,`static_url`) values (1464075443576528898,'测试发布文章2',4,'admin',7,'Docker',1,0,'material/2021/11/20211123/b8cc1924f6774cf195e09c35d234835b.jpg','明星',0,0,0,0,NULL,NULL,NULL,'2021-11-26 11:36:00','2021-11-24 11:30:10',0,0,'hmtt135/article/2021/11/26/1464075443576528898.html'),(1464075753590120450,'测试自动发布',4,'admin',7,'Docker',1,0,'material/2021/11/20211123/c8a34fdabe4949258f00545ab13d181d.png','明星',0,0,0,0,NULL,NULL,NULL,'2021-11-26 11:37:15','2021-11-24 11:27:47',0,0,'hmtt135/article/2021/11/26/1464075753590120450.html'),(1464075776423911426,'测试自动审核2',4,'admin',6,'大数据',1,0,'material/2021/11/20211123/8832323cc9064d5b804f7f97d06a67ab.jpg','明星',0,0,0,0,NULL,NULL,NULL,'2021-11-26 11:37:20','2021-11-23 15:16:31',0,0,'hmtt135/article/2021/11/26/1464075776423911426.html'),(1464075849438355457,'两明星晒同款情侣钻戒',4,'admin',6,'大数据',1,0,'material/2021/11/20211123/c161c26e571b4de3ac58d26fd9093d29.png','11',0,0,0,0,NULL,NULL,NULL,'2021-11-26 11:37:38','2021-11-23 10:27:08',0,0,'hmtt135/article/2021/11/26/1464075849438355457.html'),(1464138455859617793,'测试自动审核',4,'admin',6,'大数据',1,0,'material/2021/11/20211123/c8a34fdabe4949258f00545ab13d181d.png','明星',0,0,0,0,NULL,NULL,NULL,'2021-11-26 11:37:31','2021-11-23 14:28:34',0,0,'hmtt135/article/2021/11/26/1464138455859617793.html'),(1464138456350351362,'大师傅士大夫',4,'admin',6,'大数据',1,0,'material/2021/11/20211123/72ba84a84f0e461e865b737759d1ddf4.jpg','测试',0,0,0,0,NULL,NULL,NULL,'2021-11-26 11:35:54','2021-11-24 11:30:56',0,0,'hmtt135/article/2021/11/26/1464138456350351362.html'),(1464138456568455170,'于正新剧虐杀猫？剧方回应：确保安全的前提下拍摄',4,'admin',6,'大数据',0,0,'','爬虫',0,0,0,0,NULL,NULL,NULL,'2021-11-26 15:41:30','2021-11-26 15:41:30',0,0,'hmtt135/article/2021/11/26/1464138456568455170.html'),(1464138456832696322,'《士兵突击》主角聚会 王宝强露灿笑紧搂王大治',4,'admin',6,'大数据',0,0,'','爬虫',40,0,0,0,NULL,NULL,NULL,'2021-11-26 15:41:35','2021-11-26 15:41:35',0,0,'hmtt135/article/2021/11/26/1464138456832696322.html'),(1464138457025634305,'状态超好！45岁林心如穿黑色西服秀美腿',4,'admin',6,'大数据',0,0,'','爬虫',8,0,0,0,NULL,NULL,NULL,'2021-11-26 15:41:37','2021-11-26 15:41:37',0,0,'hmtt135/article/2021/11/26/1464138457025634305.html'),(1464138457235349505,'赵丽颖冬日暖阳大片曝光 长发披肩气质温柔',4,'admin',6,'大数据',0,0,'','爬虫',0,0,0,1000,NULL,NULL,NULL,'2021-11-26 15:41:38','2021-12-01 15:41:38',0,0,'hmtt135/article/2021/11/26/1464138457235349505.html'),(1464138457377955842,'林依晨产后复出状态好 自曝一个月减肥18斤',4,'admin',6,'大数据',0,0,'','爬虫',0,0,0,0,NULL,NULL,NULL,'2021-11-26 15:41:39','2021-11-26 15:41:39',0,0,'hmtt135/article/2021/11/26/1464138457377955842.html'),(1464138457537339393,'人民日报评《长津湖》登顶：国产主旋律电影的高光',4,'admin',6,'大数据',0,0,'','爬虫',0,0,0,7,NULL,NULL,NULL,'2021-11-26 15:41:43','2021-11-26 15:41:43',0,0,'hmtt135/article/2021/11/26/1464138457537339393.html'),(1464138457679945729,'曾经风光如今落魄的港台明星 沦落到跟粉丝借钱',4,'admin',6,'大数据',0,0,'','爬虫',0,0,0,0,NULL,NULL,NULL,'2021-11-26 15:41:45','2021-11-26 15:41:45',0,0,'hmtt135/article/2021/11/26/1464138457679945729.html'),(1464138457835134977,'孙莉17岁就被黄磊“骗到手” 学生时代照片曝光',4,'admin',6,'大数据',0,0,'','爬虫',0,0,0,0,NULL,NULL,NULL,'2021-11-26 15:41:46','2021-11-26 15:41:46',0,0,'hmtt135/article/2021/11/26/1464138457835134977.html'),(1464138457969352706,'林依晨生女后首次公开亮相 一袭长裙笑容甜',4,'admin',6,'大数据',0,0,'','爬虫',0,0,0,0,NULL,NULL,NULL,'2021-11-26 15:41:47','2021-11-26 15:41:47',0,0,'hmtt135/article/2021/11/26/1464138457969352706.html'),(1464138458111959042,'2021年TVB颁奖礼提名名单公布 黎耀祥陈豪争视帝',4,'admin',6,'大数据',0,0,'','爬虫',0,0,0,0,NULL,NULL,NULL,'2021-11-26 15:41:48','2021-11-26 15:41:48',0,0,'hmtt135/article/2021/11/26/1464138458111959042.html'),(1464138458262953986,'高圆圆车展旧照火了 焦点却在主持人的身上',4,'admin',6,'大数据',0,0,'','爬虫',0,0,0,0,NULL,NULL,NULL,'2021-11-26 15:41:51','2021-11-26 15:41:51',0,0,'hmtt135/article/2021/11/26/1464138458262953986.html'),(1464138458397171714,'那些削骨的女星脸还好吗？后遗症一大堆！',4,'admin',6,'大数据',0,0,'','爬虫',0,0,0,0,NULL,NULL,NULL,'2021-11-26 15:41:53','2021-11-26 15:41:53',0,0,'hmtt135/article/2021/11/26/1464138458397171714.html'),(1464138458523000834,'欧阳娜娜分享美照 穿抹胸裙戴皇冠十分甜美',4,'admin',6,'大数据',0,0,'','爬虫',0,0,0,0,NULL,NULL,NULL,'2021-11-26 15:41:54','2021-11-26 15:41:54',0,0,'hmtt135/article/2021/11/26/1464138458523000834.html'),(1464138458623664130,'贾静雯早期写真被翻出！穿红裙坐沙发上身材傲人',4,'admin',6,'大数据',0,0,'','爬虫',0,0,0,0,NULL,NULL,NULL,'2021-11-26 15:41:55','2021-11-26 15:41:55',0,0,'hmtt135/article/2021/11/26/1464138458623664130.html'),(1464138458783047681,'《快乐大本营》回归录制？现场照曝光引欢呼',4,'admin',6,'大数据',0,0,'','爬虫',0,0,0,0,NULL,NULL,NULL,'2021-11-26 15:41:56','2021-11-26 15:41:56',0,0,'hmtt135/article/2021/11/26/1464138458783047681.html'),(1464138458938236930,'谭咏麟睡粉事件新进展 爆料者：前女友已坦诚一切',4,'admin',6,'大数据',0,0,'','爬虫',0,0,0,0,NULL,NULL,NULL,'2021-11-26 15:41:58','2021-11-26 15:41:58',0,0,'hmtt135/article/2021/11/26/1464138458938236930.html'),(1464138459122786306,'李沁穿黑色西装内搭吊带衣 眼神撩人',4,'admin',6,'大数据',0,0,'','爬虫',0,0,0,0,NULL,NULL,NULL,'2021-11-26 15:41:59','2021-11-26 15:41:59',0,0,'hmtt135/article/2021/11/26/1464138459122786306.html'),(1464138459319918594,'“打杂艺人”邹兆龙的爱国情怀',4,'admin',6,'大数据',0,0,'','爬虫',0,0,0,0,NULL,NULL,NULL,'2021-11-26 15:42:02','2021-11-26 15:42:02',0,0,'hmtt135/article/2021/11/26/1464138459319918594.html'),(1464138459479302146,'张柏芝穿黑灰色毛衣 长发飘飘气质优雅',4,'admin',6,'大数据',0,0,'','爬虫',0,0,0,0,NULL,NULL,NULL,'2021-11-26 15:42:03','2021-11-26 15:42:03',0,0,'hmtt135/article/2021/11/26/1464138459479302146.html'),(1464138459651268610,'少女时代Yuri确认没有感染新冠 将恢复正常活动',4,'admin',6,'大数据',0,0,'','爬虫',0,0,0,0,NULL,NULL,NULL,'2021-11-26 15:42:04','2021-11-26 15:42:04',0,0,'hmtt135/article/2021/11/26/1464138459651268610.html'),(1464138459789680642,'“安嘉和”冯远征在国际反家暴日发声：勇敢说不',4,'admin',6,'大数据',0,0,'','爬虫',0,0,0,0,NULL,NULL,NULL,'2021-11-26 15:42:07','2021-11-26 15:42:07',0,0,'hmtt135/article/2021/11/26/1464138459789680642.html'),(1464138459949064193,'《战狼2》发图庆《长津湖》登顶华语电影票房冠军',4,'admin',6,'大数据',0,0,'','爬虫',0,0,0,0,NULL,NULL,NULL,'2021-11-26 15:42:08','2021-11-26 15:42:08',0,0,'hmtt135/article/2021/11/26/1464138459949064193.html'),(1464138460112642049,'Jessie J发长文称自己流产 虽难接受但会完成演出',4,'admin',6,'大数据',0,0,'','爬虫',0,0,0,0,NULL,NULL,NULL,'2021-11-26 15:42:10','2021-11-26 15:42:10',0,0,'hmtt135/article/2021/11/26/1464138460112642049.html'),(1464138460242665474,'大S不受离婚影响，与小S节目《熙娣想聊》定档',4,'admin',6,'大数据',0,0,'','爬虫',0,0,0,0,NULL,NULL,NULL,'2021-11-26 15:42:12','2021-11-26 15:42:12',0,0,'hmtt135/article/2021/11/26/1464138460242665474.html'),(1464138460452380674,'宋祖儿人工呼吸花絮曝光！被按胸口吐男演员一脸水',4,'admin',6,'大数据',0,0,'','爬虫',0,0,0,0,NULL,NULL,NULL,'2021-11-26 15:42:13','2021-11-26 15:42:13',0,0,'hmtt135/article/2021/11/26/1464138460452380674.html'),(1464138460741787649,'赵本山女儿这是怎么了，才24岁就脱发这么严重？',4,'admin',6,'大数据',0,0,'','爬虫',0,0,0,0,NULL,NULL,NULL,'2021-11-26 15:42:14','2021-11-26 15:42:14',0,0,'hmtt135/article/2021/11/26/1464138460741787649.html'),(1464138460917948417,'意外撞到头部还有红肿？昆凌回应：好多了',4,'admin',6,'大数据',0,0,'','爬虫',0,0,0,0,NULL,NULL,NULL,'2021-11-26 15:42:15','2021-11-26 15:42:15',0,0,'hmtt135/article/2021/11/26/1464138460917948417.html'),(1464138461068943362,'金晨粉色吊带开衩长裙撩人 大秀优越肩颈线',4,'admin',6,'大数据',0,0,'','爬虫',0,0,0,0,NULL,NULL,NULL,'2021-11-26 15:42:16','2021-11-26 15:42:16',0,0,'hmtt135/article/2021/11/26/1464138461068943362.html'),(1466610229394309121,'测试发布文章能否加入es',4,'admin',46,'nodejs',1,0,'material/2021/11/20211123/8164badb0c174151a8807b1d6d360522.jpg','测试',0,0,0,0,NULL,NULL,NULL,'2021-12-03 11:31:24','2021-12-03 11:27:54',0,0,'hmtt135/article/2021/12/03/1466610229394309121.html');

/*Table structure for table `ap_article_config` */

DROP TABLE IF EXISTS `ap_article_config`;

CREATE TABLE `ap_article_config` (
  `id` bigint(20) unsigned NOT NULL AUTO_INCREMENT COMMENT '主键',
  `article_id` bigint(20) unsigned DEFAULT NULL COMMENT '文章ID',
  `is_comment` tinyint(1) unsigned DEFAULT NULL COMMENT '是否可评论',
  `is_forward` tinyint(1) unsigned DEFAULT NULL COMMENT '是否转发',
  `is_down` tinyint(1) unsigned DEFAULT NULL COMMENT '是否下架',
  `is_delete` tinyint(1) unsigned DEFAULT NULL COMMENT '是否已删除',
  PRIMARY KEY (`id`) USING BTREE,
  KEY `idx_article_id` (`article_id`) USING BTREE
) ENGINE=InnoDB AUTO_INCREMENT=1466611002312265730 DEFAULT CHARSET=utf8mb4 COLLATE=utf8mb4_unicode_ci ROW_FORMAT=DYNAMIC COMMENT='APP已发布文章配置表';

/*Data for the table `ap_article_config` */

insert  into `ap_article_config`(`id`,`article_id`,`is_comment`,`is_forward`,`is_down`,`is_delete`) values (1464075443601694722,1464075443576528898,1,1,0,0),(1464075753606897665,1464075753590120450,1,1,0,0),(1464075776436494337,1464075776423911426,1,1,0,0),(1464075849450938369,1464075849438355457,1,1,0,0),(1464138455901560834,1464138455859617793,1,1,0,0),(1464138456367128577,1464138456350351362,1,1,0,0),(1464138456576843777,1464138456568455170,1,1,0,0),(1464138456841084930,1464138456832696322,1,1,0,0),(1464138457034022914,1464138457025634305,1,1,0,0),(1464138457252126721,1464138457235349505,1,1,0,0),(1464138457386344449,1464138457377955842,1,1,0,0),(1464138457545728002,1464138457537339393,1,1,0,0),(1464138457692528642,1464138457679945729,1,1,0,0),(1464138457839329282,1464138457835134977,1,1,0,0),(1464138457977741314,1464138457969352706,1,1,0,0),(1464138458120347650,1464138458111959042,1,1,0,0),(1464138458271342593,1464138458262953986,1,1,0,0),(1464138458405560322,1464138458397171714,1,1,0,0),(1464138458523000835,1464138458523000834,1,1,0,0),(1464138458632052737,1464138458623664130,1,1,0,0),(1464138458791436290,1464138458783047681,1,1,0,0),(1464138458946625538,1464138458938236930,1,1,0,0),(1464138459131174914,1464138459122786306,1,1,0,0),(1464138459328307202,1464138459319918594,1,1,0,0),(1464138459496079362,1464138459479302146,1,1,0,0),(1464138459659657217,1464138459651268610,1,1,0,0),(1464138459798069249,1464138459789680642,1,1,0,0),(1464138459957452802,1464138459949064193,1,1,0,0),(1464138460121030657,1464138460112642049,1,1,0,0),(1464138460251054082,1464138460242665474,1,1,0,0),(1464138460456574978,1464138460452380674,1,1,0,0),(1464138460754370562,1464138460741787649,1,1,0,0),(1464138460926337026,1464138460917948417,1,1,0,0),(1464138461068943363,1464138461068943362,1,1,0,0),(1466611002312265729,1466610229394309121,1,1,1,0);

/*Table structure for table `ap_article_content` */

DROP TABLE IF EXISTS `ap_article_content`;

CREATE TABLE `ap_article_content` (
  `id` bigint(20) unsigned NOT NULL AUTO_INCREMENT COMMENT '主键',
  `article_id` bigint(20) unsigned DEFAULT NULL COMMENT '文章ID',
  `content` longtext COLLATE utf8mb4_unicode_ci COMMENT '文章内容',
  PRIMARY KEY (`id`) USING BTREE,
  KEY `idx_article_id` (`article_id`) USING BTREE
) ENGINE=InnoDB AUTO_INCREMENT=1466611002324848642 DEFAULT CHARSET=utf8mb4 COLLATE=utf8mb4_unicode_ci ROW_FORMAT=DYNAMIC COMMENT='APP已发布文章内容表';

/*Data for the table `ap_article_content` */

insert  into `ap_article_content`(`id`,`article_id`,`content`) values (1464075443610083329,1464075443576528898,'[{\"type\":\"image\",\"value\":\"http://hmtt135.oss-cn-shanghai.aliyuncs.com/material/2021/11/20211123/b8cc1924f6774cf195e09c35d234835b.jpg\"},{\"type\":\"text\",\"value\":\"法大师傅士大夫\"}]'),(1464075753615286274,1464075753590120450,'[{\"type\":\"image\",\"value\":\"http://hmtt135.oss-cn-shanghai.aliyuncs.com/material/2021/11/20211123/c8a34fdabe4949258f00545ab13d181d.png\"},{\"type\":\"text\",\"value\":\"dsfsdfsdfsad\"}]'),(1464075776444882946,1464075776423911426,'[{\"type\":\"text\",\"value\":\"看看能不能有bug\"},{\"type\":\"image\",\"value\":\"http://hmtt135.oss-cn-shanghai.aliyuncs.com/material/2021/11/20211123/8832323cc9064d5b804f7f97d06a67ab.jpg\"},{\"type\":\"image\",\"value\":\"http://hmtt135.oss-cn-shanghai.aliyuncs.com/material/2021/11/20211123/470666debc8946dca898ce1ec4f3761f.jpg\"}]'),(1464075849459326977,1464075849438355457,'[{\"type\":\"image\",\"value\":\"http://hmtt135.oss-cn-shanghai.aliyuncs.com/material/2021/11/20211123/c161c26e571b4de3ac58d26fd9093d29.png\"},{\"type\":\"text\",\"value\":\"ds发射点发射点反对\"}]'),(1464138455918338050,1464138455859617793,'[{\"type\":\"image\",\"value\":\"http://hmtt135.oss-cn-shanghai.aliyuncs.com/material/2021/11/20211123/c8a34fdabe4949258f00545ab13d181d.png\"},{\"type\":\"image\",\"value\":\"http://hmtt135.oss-cn-shanghai.aliyuncs.com/material/2021/11/20211123/72ba84a84f0e461e865b737759d1ddf4.jpg\"},{\"type\":\"text\",\"value\":\"啊  真好\"}]'),(1464138456375517186,1464138456350351362,'[{\"type\":\"image\",\"value\":\"http://hmtt135.oss-cn-shanghai.aliyuncs.com/material/2021/11/20211123/72ba84a84f0e461e865b737759d1ddf4.jpg\"},{\"type\":\"text\",\"value\":\"dfgfdg\"}]'),(1464138456593620993,1464138456568455170,'[{\"type\":\"text\",\"value\":\"网易娱乐11月26日报道 近日，《当家主母》中有把猫毒死的镜头，有网友质疑是用了真猫，将小猫虐待致死。11月26日，《当家主母》剧组就今日热议关于猫死亡镜头回应，剧组将具体的拍摄手法以及拍摄花絮公布，称小猫挣扎的画面是工作人员在不会伤害猫咪的情况下，用绳子牵引完成的；猫倒地的画面实际上是猫咪在舔舐可食用血浆＋糖浆。\"},{\"type\":\"text\",\"value\":\"\"},{\"type\":\"text\",\"value\":\"剧组称该猫视频中的小猫叫“咪咪”，是土生土长的横店猫。可爱、专业。是整个摄制组爱猫人士的团宠。还表示猫是人类的好朋友，我们无比重视其安全，并将在后续更加重视对动物的保护和爱护，非常感谢网友监督，也感谢网友对《当家主母》的支持。\"},{\"type\":\"text\",\"value\":\"\"},{\"type\":\"text\",\"value\":\"\"},{\"type\":\"text\",\"value\":\"(责任编辑：刘舒阳_NBJS16803)\"}]'),(1464138456841084931,1464138456832696322,'[{\"type\":\"text\",\"value\":\"近日，演员高峰在社交平台中晒出了《士兵突击》主演们的私下聚会照，距离该电视剧播出已经过了15年之久，大家没有想到当年的“齐桓”“许二和”“许三多”“袁朗”“高城”在现实生活中仍保持着这么好的关系。\"},{\"type\":\"text\",\"value\":\"画面中的五人从外形来看，大家都成熟了不少，但毕竟是作为娱乐圈艺人，他们的身材外形管理都还算不错，即便上了年纪也仍保持着帅气，段奕宏带着眼镜十分有魅力，王大治多年不变的凌乱发型也十分抢眼。\"},{\"type\":\"text\",\"value\":\"特别是今年已经39岁的王宝强，他已经从草根演员彻底转型成为了实力派艺人，站在C位上时，他仍保持着和从前一般的淳朴笑容，打扮穿着简单又大气，看起来很有文艺范儿。\"},{\"type\":\"text\",\"value\":\"十五年前的《士兵突击》虽然算不上是大制作，但里面的演员个个实力超强，为大家带来了一部非常惊艳的观剧体验，对于很多8090后而言，这部剧甚至仍是不少人的童年记忆。\"},{\"type\":\"text\",\"value\":\"这部电视剧之后，剧中的演员们也都在私下保持着非常不错的友谊，之前段奕宏在接受采访时，王宝强甚至还曾作为嘉宾出镜为兄弟撑台，将荧幕中的友谊完全延伸到了戏外。\"},{\"type\":\"text\",\"value\":\"段奕宏虽然是科班演员出身，但他对于好兄弟王宝强的“野路子”演技却曾多次表示赞赏，即使是一个简单的“抽烟镜头”，段奕宏也会认真的为大家讲解王宝强的表演方式有多出彩，让所有人都能够更加具体的感受到王宝强的优秀。\"},{\"type\":\"text\",\"value\":\"因为娱乐圈的行业特殊性，很多人都觉得在这个圈子里不会有真正的友谊，但事实上，这些优秀的艺人们，除了一起合作共创优秀作品之外，更多的还是相互之间的欣赏和钦佩，如此真挚的感情，很难不令人羡慕。\"},{\"type\":\"text\",\"value\":\"特别声明：以上内容(如有图片或视频亦包括在内)为自媒体平台“网易号”用户上传并发布，本平台仅提供信息存储服务。\"}]'),(1464138457042411521,1464138457025634305,'[{\"type\":\"text\",\"value\":\"测试文章内容\"}]'),(1464138457252126722,1464138457235349505,'[{\"type\":\"text\",\"value\":\"测试文章内容\"}]'),(1464138457394733058,1464138457377955842,'[{\"type\":\"text\",\"value\":\"网易娱乐11月26日报道 11月25日，林依晨在今年十月份产后首次在某奢侈品牌活动上亮相。她身穿金色亮片刺绣抹胸礼服，在活动现场笑容满满，尽显好气色。\"},{\"type\":\"text\",\"value\":\"在品牌活动中，林依晨状态极佳，面对全方面的闪光镜头时，脸上露出拥有自己孩子后的甜蜜笑容。从照片看出，林依晨的脸部胶原蛋白饱满，锁骨十分显现。她的肌肤在灯光的照射下看起来依旧弹性十足，透嫩反光。\"},{\"type\":\"text\",\"value\":\"在活动中，林依晨透露到，自己在一个月左右的时间内瘦了18斤。如此迅速的瘦身速度实在让人佩服，难怪这种收腰礼服也能被林依晨穿出产前的韵味。如今的身材也完全看不出是刚生产完一个孩子的母亲。\"},{\"type\":\"text\",\"value\":\"她还分享到，自己能够瘦身如此迅速虽然胖的原因大部分是因为水分，还有一部分原因是因为带孩子对她来说很锻炼人，可能消耗了太多的体力。\"},{\"type\":\"text\",\"value\":\"前不久，有媒体晒出林依晨婆婆现身月子中心探望的照片，当时婆婆乘坐豪车，带着大包小包出现在路边，升级成为奶奶的她，想必为了儿媳和孙女也免不了一番操劳。\"},{\"type\":\"text\",\"value\":\"林依晨在十月中旬生出女儿，也就是说她刚刚坐完月子就开始复出工作，不得不承认，作为一个女艺人她实在有些拼命。\"},{\"type\":\"text\",\"value\":\"结婚7年，林依晨一直都面临着备孕艰难的困扰，之前在接受媒体采访时，她也曾多次表示，自己已经尝试过了所有的备孕方式，只是奈何运气不佳。此次不仅平安生产，身材还恢复得如此完美，实在是幸运。\"},{\"type\":\"text\",\"value\":\"\"},{\"type\":\"text\",\"value\":\"作为一个已经39岁的女艺人，林依晨平安生产之后，能够如此迅速恢复身材，也属实有些不容易，升级为妈妈之后，想必她也有了新的人生体悟，很期待林依晨接下来能够以全新的身份挑战更多新的角色。\"},{\"type\":\"text\",\"value\":\"\"},{\"type\":\"text\",\"value\":\"(责任编辑：蒋紫莹_NBJS16943)\"}]'),(1464138457554116609,1464138457537339393,'[{\"type\":\"text\",\"value\":\"测试文章内容\"}]'),(1464138457700917249,1464138457679945729,'[{\"type\":\"text\",\"value\":\"近年来，因为各种原因，港台娱乐圈的发展远没有内地娱乐圈好，不少香港艺人和台湾艺人也陆续来内地发展甚至定居。有不少曾经很风光的港台明星，如今的情况却变得有些落魄。\"},{\"type\":\"text\",\"value\":\"第一位，万梓良\"},{\"type\":\"text\",\"value\":\"万梓良巅峰时期在港圈和周润发齐名，影帝周星驰和林家栋都曾经受过他的提携照顾。《三少爷的剑》，《江湖情》，《旺角卡门》和《古惑仔》系列令他成为港圈黑帮电影的代表人物之一。\"},{\"type\":\"text\",\"value\":\"如今64岁的他在内地参加各种商演活动仍然有不少粉丝追捧，还在内地收了两个徒弟和一个干女儿。\"},{\"type\":\"text\",\"value\":\"万梓良自然是不缺钱的，有网友爆料，他一场商演就能收8万元报酬，但如果说和他巅峰时期相比，现在万梓良的境况确实有点落魄了。\"},{\"type\":\"text\",\"value\":\"据悉，今年已经64岁的万梓良，在本应该“安享晚年”的年纪却很拼命工作，一边拍戏一边奔波在内地各大城市参加各种商演活动上，这些商演活动很多都是比较小型的，看起来简陋，拍戏也只是拍一些网络大电影。\"},{\"type\":\"text\",\"value\":\"近日，万梓良在好友的社交平台发了一个视频，视频里他透露自己为了出外工作赚钱已经数月没回家了，这次终于可以回家和亲人团聚。\"},{\"type\":\"text\",\"value\":\"今年已经64岁的万梓良早前因为糖尿病身体状况一度变得很差，虽然现在身体恢复了健康，但状态看起来是肉眼可见地变老了很多。\"},{\"type\":\"text\",\"value\":\"他这个年纪还拼命赚钱很大可能是为了让妻子和唯一的儿子以后能过上好日子，毕竟他的现任妻子才48岁，儿子也才18岁。\"},{\"type\":\"text\",\"value\":\"第二位，徐怀钰\"},{\"type\":\"text\",\"value\":\"徐怀钰这个名字算是一代人的记忆，也是一代人的青春。20岁的徐怀钰已经凭借《 我是女生》红极一时，巅峰时期一年为公司赚2亿，一个人养活大半个唱片公司，是继张惠妹之后的第二个“百万偶像”，被亲切地称为“平民天后”。\"},{\"type\":\"text\",\"value\":\"但徐怀钰红得快落魄得也很快，徐怀钰在事业巅峰期时被经纪公司的人指责“耍大牌”，接着她的爷爷说徐怀钰对老人家不闻不问，种种负面传闻让徐怀钰名誉受损，从万人追捧变成无人问津。\"},{\"type\":\"text\",\"value\":\"等徐怀钰再度复出的时候，却因为和经纪公司打官司导致再次没有工作，不但没有工作还欠债百万，最后徐怀钰不得不向经纪公司“认输”，求对方“放过”自己。\"},{\"type\":\"text\",\"value\":\"在徐怀钰最惨的时候，要靠粉丝接济自己，甚至跟粉丝借钱。\"},{\"type\":\"text\",\"value\":\"如今43岁的徐怀钰总算熬过了那段艰难的岁月，但重返娱乐圈的她早已经没有属于她的“位置”，她错过了几年的事业黄金期，如今只能在靠着之前积累的人气，在内地小县城接一些小型商演。\"},{\"type\":\"text\",\"value\":\"不过从徐怀钰的近照来看，她的状态保养得很好。\"},{\"type\":\"text\",\"value\":\"第三位，王杰\"},{\"type\":\"text\",\"value\":\"在香港“四大天王”之前，港圈乐坛的“天王”还是王杰，这个先后在台湾，香港爆红的“浪子歌王”，他的《一场游戏一场梦》，《谁明浪子心》至今仍是经典名曲。\"},{\"type\":\"text\",\"value\":\"多年后王杰在节目中还直言张学友不配叫“歌神”，“四大天王”根本入不了他的眼，可见，王杰当年的人气。\"},{\"type\":\"text\",\"value\":\"在事业巅峰期间，王杰却因为身体状况不好的原因，无奈暂时退出工作，因为医生已经说了，再不停止工作后果很严重。\"},{\"type\":\"text\",\"value\":\"之后王杰再度复出，虽然人气依旧，但随着乐坛新星的出现，他不再是乐坛的“独宠”。事业逐渐走向没落的王杰，之后围绕在他身上的话题只剩下了关于嗓子坏了的传闻。\"},{\"type\":\"text\",\"value\":\"但因为他几次说的话里的一些关键信息是对不上了，导致被人怀疑他说的话是否真实。王杰一时间说自己喝了那杯饮料之后，时隔四五个小时，突然间嗓子就没了。但之后又说自己喝完饮料，一个小时嗓子没有了。\"},{\"type\":\"text\",\"value\":\"除了“嗓子”事件，王杰也说过自己被同行“排挤”。\"},{\"type\":\"text\",\"value\":\"关于“嗓子”的事情如今已经告一段落了，而59岁的王杰也告别了舞台的辉煌，据传已经移居国外。在他曝光的近照里，王杰的两鬓花白，留着花白的胡渣，模样有点沧桑，已经没有昔日的明星光芒了。\"},{\"type\":\"text\",\"value\":\"第四位，温兆伦\"},{\"type\":\"text\",\"value\":\"说起TVB最风光的视帝莫过于第一位三届视帝罗嘉良，当年罗嘉良凭借台庆剧《流金岁月》获得视帝，在剧里温兆伦饰演他的弟弟，光芒远没有罗嘉良亮眼。\"},{\"type\":\"text\",\"value\":\"但事实上，温兆伦比罗嘉良成名更早。温兆伦在30岁之前已经凭借《我本善良》和《义不容情》成名，“丁有康”的角色更加成为港剧反派经典。年轻时外型出众的温兆伦成为一代男神。\"},{\"type\":\"text\",\"value\":\"温兆伦事业可以说被私生活拖累，据悉，温兆伦感情史十分丰富，除了绯闻女友，有实锤的就有8段，离过两次婚。最离谱的一次是向前女友索要14万分手费。\"},{\"type\":\"text\",\"value\":\"之后温兆伦便离开了TVB，先后到台湾和内地发展。温兆伦在台湾和内地的演艺事业发展很一般，10年后已经变成“过气艺人”，如今较年轻一辈的观众已经不认识他了。\"},{\"type\":\"text\",\"value\":\"今年56岁的温兆伦在内地除了商演也加入了直播大军，之前他还直播买卫生巾，手里拿着卫生巾卖力介绍。\"},{\"type\":\"text\",\"value\":\"近日，他还在直播里大谈做明星不容易，哭诉自己不像其他明星有人帮忙发视频，他说自己的直播间只有几千人人气，明明一开始有3万人的。温兆伦在直播间里的状态不是很好，有网友怀疑他喝醉酒，中途他的妻子也出来捂住他的嘴，阻止他继续说下去。\"},{\"type\":\"text\",\"value\":\"虽然温兆伦为自己惨淡人气忧愁，但其实他如今在内地的生活还是不错的。据悉，温兆伦在内地凭借投资做生意赚了不少钱，生活不成问题。\"},{\"type\":\"text\",\"value\":\"他还在49岁的时候娶了小20岁的内地妻子赵庭，50岁的时候生了一个女儿，收获了一个美满的家庭。\"},{\"type\":\"text\",\"value\":\"第五位，钱小豪\"},{\"type\":\"text\",\"value\":\"成名太早又“自毁”前程的明星不少，钱小豪也是其中一个。武打明星出身的钱小豪16岁就出道，成为张彻弟子，之后凭借“僵尸题材”电影和《太极张三丰》中的“董天宝”红极一时，俊朗的外表使他成为男神级人物。\"},{\"type\":\"text\",\"value\":\"但可惜的是，2000年，钱小豪因为一桩丑闻名声大跌，两年内没人找他再拍戏。\"},{\"type\":\"text\",\"value\":\"而如今58岁的钱小豪已经把事业和生活重心放在内地，只不过属于他的年代已经过去了，而在内地10年始终在“炒冷饭”的钱小豪，只能不断拍口碑一般的网络大电影，更被吐槽是“烂片之王”。\"},{\"type\":\"text\",\"value\":\"感情方面，钱小豪和前妻郭秀云离婚之后，郭秀云带着儿子定居国外，之后还改嫁富商，而钱小豪的儿子钱景峰还跟继父姓，改名庞景峰。\"},{\"type\":\"text\",\"value\":\"不过庞景峰成年之后就回国跟着亲生爸爸钱小豪发展，钱小豪也很尽心为儿子的事业出力，亲自捧儿子做男主角。\"},{\"type\":\"text\",\"value\":\"第六位，吕颂贤\"},{\"type\":\"text\",\"value\":\"港圈巅峰时期捧红了不少男神，不过就不是每个人都能成为刘德华和古天乐这样的常青艺人，比如至今仍然被封为最经典“令狐冲”的扮演者吕颂贤，曾经风靡一时的他，如今在上海街头，却没几个人认识他。\"},{\"type\":\"text\",\"value\":\"之前吕颂贤让助理拿着自己的照片在上海街头问路人，最后只有一位小哥哥认出是吕颂贤。吕颂贤当年在事业上升期离开TVB，有传闻说他为了照顾身体不好的妻子，也有传闻说他和TVB闹不和。\"},{\"type\":\"text\",\"value\":\"来内地定居几年，吕颂贤一开始并没有把重心放在内地娱乐行业，所以他现在变得“无人识”也可以理解，不过他在内地开了几间“素食餐厅”，算是做了小生意。\"},{\"type\":\"text\",\"value\":\"最近他还在筹谋开直播公司，不过以他现在的人气，之前在直播间卖睡衣时人气一般，远远比不上其他明星的人气。\"},{\"type\":\"text\",\"value\":\"第七位，范植伟\"},{\"type\":\"text\",\"value\":\"19岁就出道，凭借《咸豆浆》，《地下铁》等作品走红，还获得影帝称号的范植伟曾经是台湾当红小生，因为长相出众还有“小梁朝伟”的称号，可见当时外界对他的追捧程度。\"},{\"type\":\"text\",\"value\":\"可能是因为年少成名，范植伟在感情生活上失了方寸，不但公开大曝前女友王心凌的隐私，还和其他女艺人传绯闻，让他的名声受损。\"},{\"type\":\"text\",\"value\":\"之后范植伟来内地发展，但成绩平平。再次回到台湾时，甚至要靠母亲的20万存款过日子。如今40岁的范植伟可以说已经是“过气艺人”，外型上也和年轻时没得比，身材发福皮肤松弛，五官变得普通气质平平，留着邋遢的长发。\"},{\"type\":\"text\",\"value\":\"但心高气傲的范植伟，还说自己人气一直没有减弱。\"},{\"type\":\"text\",\"value\":\"不过他也不得不接受现实，为了生计，他一度去一家火锅店工作，拿着每个月近7千块工资，至少足够基本生活费用了。而近日，因为他父亲生病，为了有时间照顾父亲，范植伟还从火锅店辞职，去便利店兼职。\"},{\"type\":\"text\",\"value\":\"第八位，朱孝天\"},{\"type\":\"text\",\"value\":\"曾经红极一时的“F4”组合，即使过了近20年仍然很有人气，比如言承旭近期参加《披荆斩棘的哥哥》，就是里面的人气担当。但同为F4成员之一的朱孝天就没有那么幸运了。\"},{\"type\":\"text\",\"value\":\"据朱孝天前段时间透露，因为没有人脉和资源，他已经接近一年时间没有工作和收入，每天在家里打游戏。朱孝天也自嘲自己是F4里面混得最差的，他还说自己之前也没有赚到很多钱，因为大部分钱都给了公司。\"},{\"type\":\"text\",\"value\":\"不过幸好他和内地妻子韩雯雯感情很好，朱孝天还说妻子曾经安慰他，找不到工作可以养他。朱孝天因为遗传病的原因，和妻子结婚5年一直没有生孩子。\"},{\"type\":\"text\",\"value\":\"而近期，朱孝天还打算让妻子跟着自己留在台湾发展，让妻子进入台湾娱乐圈，另外，他也准备和妻子一起拍短视频。\"},{\"type\":\"text\",\"value\":\"第九位，叶蕴仪\"},{\"type\":\"text\",\"value\":\"当红明星从“风光”走向“落魄”，有人是“自毁前程”，有人是“嫁错郎”。叶蕴仪曾经是港圈的“玉女”和“甜妹”代表人物，20岁已经是当红女星。可惜的是，她在22岁就嫁给富商，演艺事业也因此搁置。\"},{\"type\":\"text\",\"value\":\"叶蕴仪的富商丈夫婚后露出了“风流”本性，最后还是离婚收场。离婚后，叶蕴仪得到了一对子女的抚养权，男方被判定需要一次性付给叶蕴仪800万和每个月5000元抚养费。\"},{\"type\":\"text\",\"value\":\"但叶蕴仪前夫却是实实在在的“渣男”，不但离婚后公开曝叶蕴仪隐私，害她名声大跌，之后还破产了，叶蕴仪也得不到任何抚养费，只能靠自己养活一对子女。\"},{\"type\":\"text\",\"value\":\"叶蕴仪最落魄的时候，身材走形样子憔悴，一夜之间从女神变成“大妈”，一度来内地做“售楼小姐”。\"},{\"type\":\"text\",\"value\":\"好在近期，叶蕴仪已经成功减肥32斤，状态大好，还复出拍戏，还加入了直播行业。不过为了两个儿女，叶蕴仪一直没有再婚。\"},{\"type\":\"text\",\"value\":\"第十位，李绮红\"},{\"type\":\"text\",\"value\":\"令人惋惜的港圈女神有不少，李绮红也是其中一个。李绮红是94年的港姐季军，代表作有《神雕侠侣》的“郭襄”和《绝代双骄》里的“小辣椒”，她的长相很有特色，眼见在娱乐圈前途一片光明。\"},{\"type\":\"text\",\"value\":\"无奈的是，2002年，处于事业上升期的李绮红因病淡出娱乐圈，和外国男友结婚生子，定居国外多年。\"},{\"type\":\"text\",\"value\":\"在国外几年间，李绮红在丈夫照顾下已经恢复健康，但身材发福不少，皮肤松弛蜡黄，变得星味全无。她在国外已经考取了护士证，一度在国外当护士。\"},{\"type\":\"text\",\"value\":\"08年之后她回香港复出拍戏，但都是演一些小配角，近几年更加是“消失”在娱乐圈。李绮红不久前还在社交平台直言，自己并没有退出娱乐圈，只是一直接不到戏，还希望能来内地发展。\"},{\"type\":\"text\",\"value\":\"看了这10位明星的经历，他们从风光都落魄各有各的原因，有人让人觉得可惜，有人却是自己造成，也让人感觉到，明星也有自己的不容易。不管以前怎么样，希望他们以后能努力过好自己的生活就好了。\"},{\"type\":\"text\",\"value\":\"特别声明：以上内容(如有图片或视频亦包括在内)为自媒体平台“网易号”用户上传并发布，本平台仅提供信息存储服务。\"}]'),(1464138457847717889,1464138457835134977,'[{\"type\":\"text\",\"value\":\"大家对黄磊都不陌生了，作为《极限挑战》中的“神算子”，黄磊靠着超高的智商赢得了不少观众的喜爱。然而，比起被他智商碾压，他和孙莉的爱情故事，更是喂了观众一嘴狗粮。\"},{\"type\":\"text\",\"value\":\"如果说到娱乐圈的模范夫妻，绝对少不了黄磊和孙莉。很多人不知道的是，这对夫妻还是师生恋。1995年，在北京电影学院任教的黄磊，遇见了正在新生入学考试的孙莉。黄磊对她一见钟情，而当时孙莉只有17岁。\"},{\"type\":\"text\",\"value\":\"很多人不明白，为什么黄磊这么猴急，要对未成年女学生“下手”。不过，现在已经生了两个孩子的孙莉身材依然这么好，当年应该更是惊艳。\"},{\"type\":\"text\",\"value\":\"其实，孙莉结婚后就逐渐退出演艺圈了。在她留下的为数不多的影视作品中，我们能看到，孙莉属于第二眼美女。初看并不惊艳，再看惊为天人。不得不说，黄磊确实有眼光。\"},{\"type\":\"text\",\"value\":\"大家对此有什么看法呢？欢迎留言讨论~\"},{\"type\":\"text\",\"value\":\"特别声明：以上内容(如有图片或视频亦包括在内)为自媒体平台“网易号”用户上传并发布，本平台仅提供信息存储服务。\"}]'),(1464138457977741315,1464138457969352706,'[{\"type\":\"text\",\"value\":\"测试文章内容\"}]'),(1464138458128736257,1464138458111959042,'[{\"type\":\"text\",\"value\":\"网易娱乐11月26日报道 TVB万千星辉颁奖礼2021提名名单公布。\"},{\"type\":\"text\",\"value\":\"陈豪、郭晋安、欧阳震华、马德钟、马国明、袁伟豪、郑嘉颖、黎耀祥等争视帝，滕丽名、宣萱、王君馨、万绮雯、惠英红、黄智雯、黄翠如、钟嘉欣、米雪等争视后，《拳王》《星空下的仁医》《陀枪师姐2021》《爱‧回家之开心速递》等竞争最佳剧集。\"},{\"type\":\"text\",\"value\":\"你看好谁呢？\"},{\"type\":\"text\",\"value\":\"\"},{\"type\":\"text\",\"value\":\"(责任编辑：蒋紫莹_NBJS16943)\"}]'),(1464138458279731202,1464138458262953986,'[{\"type\":\"text\",\"value\":\"相信很多人都知道，前不久，高圆圆亮相车展被指排场太大，一时间，网上铺天盖地都是关于高圆圆亮相车展的帖子，在这些高圆圆亮相车展的帖子中，除了关于高圆圆前不久亮相车展的帖子以外，还有高圆圆早期亮相车展的帖子，一组高圆圆亮相车展的旧照曝光，引起了不少网友的关注和热议。\"},{\"type\":\"text\",\"value\":\"11月25日，有一位娱乐博主在网上发布了一篇关于高圆圆亮相车展的帖子，晒出了一组高圆圆亮相车展的旧照，并表示“高圆圆参加车展的旧照，穿青色一字肩扎丸子头，造型清爽，尽显好身材，看起来气质有点轻熟，不得不说，还是以前的高圆圆更迷人！”短短几个小时，网友浏览次数就超过了600万次，很显然，这一组高圆圆亮相车展的旧照火了。\"},{\"type\":\"text\",\"value\":\"从该娱乐博主晒出的这一组高圆圆亮相车展的旧照来看，这应该是高圆圆3年前亮相车展的照片，时隔3年，这一组高圆圆的照片再次被翻出，依然引起了几百万网友的注意，由此可见，这一组高圆圆亮相车展的旧照应该很有看点，同时也证明了关注高圆圆的人很多。\"},{\"type\":\"text\",\"value\":\"高圆圆亮相车展的造型就是一大看点，高圆圆穿着一件青色的一字肩长裙，这件长裙的剪裁格外地修身，很好地勾勒出了高圆圆的身材曲线，高圆圆侧身对着镜头时，身材曲线很美，甚至可以用凹凸有致来形容高圆圆的身材，丸子头也很加分，提升了高圆圆的甜美感，妩媚与甜美相互交织，显得高圆圆格外的轻熟。\"},{\"type\":\"text\",\"value\":\"本以为网友们的关注点会在高圆圆的身上，结果大部分网友的关注点都在主持人的身上，从网友们在评论区留言的内容来看，不仅有网友认为主持人的身材很好，而且还有网友认为主持人比高圆圆更美，甚至还有网友表示“讲道理，我还以为高圆圆是主持人”。\"},{\"type\":\"text\",\"value\":\"在这一组高圆圆亮相车展的旧照中，有一张是高圆圆和主持人同框的照片，从这一张照片来看，主持人穿着一件拼色长裙，身材和气质都很不错，不过，我并不太同意主持人比高圆圆更美的说法，我个人觉得，高圆圆和主持人都很美，只是两人的美感不同而已，你们觉得呢？\"},{\"type\":\"text\",\"value\":\"\"},{\"type\":\"text\",\"value\":\"特别声明：以上内容(如有图片或视频亦包括在内)为自媒体平台“网易号”用户上传并发布，本平台仅提供信息存储服务。\"}]'),(1464138458405560323,1464138458397171714,'[{\"type\":\"text\",\"value\":\"所谓爱美之心人皆有之，这句话在女明星这里，已经发挥到极致了。为了让自己的脸蛋更漂亮，不少女明星都踏上了动脸的道路，细数女星做的动脸项目，其中最为火爆的就是削骨了。\"},{\"type\":\"text\",\"value\":\"早些年，流行一刀切式的削骨，这种方式简单粗暴，变成尖脸不是梦，但后遗症也是比较明显的，不少女明星一刀削骨后的后遗症，日渐暴露。\"},{\"type\":\"text\",\"value\":\"第一个后遗症就是脸型容易变得奇怪，从下面的一刀切削骨示意图就可以看出，一刀切削骨后，脸是变窄了，但又会形成一个新的棱角。\"},{\"type\":\"text\",\"value\":\"1.杨幂\"},{\"type\":\"text\",\"value\":\"杨幂就曾因为一刀削骨，脸型变得奇怪。\"},{\"type\":\"text\",\"value\":\"她的脸型变化，大家是有目共睹的。杨幂的原生脸型，是最标准的大方脸，她20岁的时候，在《神雕侠侣》出演“郭襄”崭露头角，当时杨幂虽然灵气十足，但脸型的缺陷也很明显，脸方，下颌骨靠后。\"},{\"type\":\"text\",\"value\":\"这个问题想必杨幂和团队都意识到了，后面几年杨幂再出现，脸型就已经变化了，她的脸明显变窄了，原本靠后的下颌骨消失。\"},{\"type\":\"text\",\"value\":\"这时候的杨幂，脸型精致了不少，上镜更加好看了。\"},{\"type\":\"text\",\"value\":\"杨幂脸型变窄变精致的同时，也有后遗症出来，那就是脸型变得有些奇怪了，直接从方脸变成了多边形。\"},{\"type\":\"text\",\"value\":\"随着时间的流逝，杨幂的多边形脸更加明显，脸型越来越像多边形，一刀削骨后，多出来的那个棱角也越加明显了。\"},{\"type\":\"text\",\"value\":\"在这个时期，杨幂的脸型是相当奇怪的，还被网友调侃像极了“嫩牛五方”。\"},{\"type\":\"text\",\"value\":\"从网上网友做出的对比图来看，杨幂当时的脸型确实是和嫩牛五方一模一样，都是上面尖，下面方，左右还有棱角。\"},{\"type\":\"text\",\"value\":\"这个时期杨幂的脸虽然比原生方脸时期，看起来窄了小了许多，但脸型确实不敢细看。\"},{\"type\":\"text\",\"value\":\"嫩牛五方脸持续了一段时间之后，杨幂的脸又做了调整，变成了小v脸。这时候，一刀削骨之后脸型变成多边形的情况减弱了，多出来的棱角也不那么明显了。\"},{\"type\":\"text\",\"value\":\"不过近些年，杨幂还是时不时的就被爆出脸垮，从一些生图看，杨幂的脸现在有点挂不住肉的感觉。\"},{\"type\":\"text\",\"value\":\"尤其是做一些大幅度表情的时候，感觉脸上的肉已经完全挂不住了，看起来十分夸张。\"},{\"type\":\"text\",\"value\":\"2.鞠婧祎\"},{\"type\":\"text\",\"value\":\"号称四千年美女的鞠婧祎，如今的脸蛋越发精致，但她早期的脸蛋，可没有现在这么精致。\"},{\"type\":\"text\",\"value\":\"从早期鞠婧祎参加选秀节目的照片，她的原生脸型比较大，而且宽，也属于方脸。\"},{\"type\":\"text\",\"value\":\"可如今鞠婧祎的脸却完全变成了小V脸，精致小巧，其实这期间，鞠婧祎经历了3个阶段，现在的脸型是3.0阶段。\"},{\"type\":\"text\",\"value\":\"在2.0阶段的时候，鞠婧祎的脸也出现了杨幂同款后遗症，那时候她的脸型也有一种多边形的感觉，一刀削骨之后，多出来的棱角明显，而且脸部侧面还有点挂不住肉。\"},{\"type\":\"text\",\"value\":\"到了3.0版本之后，鞠婧祎的脸更窄了，但还是有些多边形的感觉，脸部两侧凹陷，脸部形状整体看起来不太自然。\"},{\"type\":\"text\",\"value\":\"但她的脸还是不能做大幅度的表情，一大笑脸就有崩塌的感觉，虽然她用手挡住了脸，但从侧面还是能看到，她的脸是歪的，侧面的肉一条一条的，根本挂不住。\"},{\"type\":\"text\",\"value\":\"在综艺节目中，说话的时候，鞠婧祎的脸也是明显歪了，一边脸被头发遮住看不见，另一边脸没来得及遮住，直接歪成了鞋拔子，看起来相当夸张。\"},{\"type\":\"text\",\"value\":\"也正是因为鞠婧祎现在的脸生图，总是容易崩，所以网友调侃鞠婧祎是“四千刀”、“随时需要返厂重修”。\"},{\"type\":\"text\",\"value\":\"3.尚雯婕\"},{\"type\":\"text\",\"value\":\"尚雯婕参加超女的时候，脸还比较原生态，脸方且大，看起来有点男生相。超女之后，尚雯婕开始大变脸，以往的大方脸，直接变成了超级小V脸。\"},{\"type\":\"text\",\"value\":\"虽然当时尚雯婕声称是减肥的原因，但网友的眼睛不瞎，懂得都懂。\"},{\"type\":\"text\",\"value\":\"先不谈尚雯婕其他部位的变化，单是脸型的变化就很大了，而且能看出来，她在脸型上动得功夫不少。虽说她的脸是变小了，但后期的后遗症也是层出不穷。\"},{\"type\":\"text\",\"value\":\"她的脸挂不住肉，有种松垮的感觉。\"},{\"type\":\"text\",\"value\":\"尚雯婕动脸的时候，应该是下手太重了，她的下巴看起来相当的尖，一说话，下巴的假体都有种呼之欲出的感觉，看起来有几分可怖。\"},{\"type\":\"text\",\"value\":\"4.秦岚\"},{\"type\":\"text\",\"value\":\"秦岚早期的脸也是偏方的，虽然她的脸型没有特别宽，但方方的，下颌骨也靠后，从她在《还珠格格》中的剧照，就可以看出来。\"},{\"type\":\"text\",\"value\":\"但渐渐的秦岚的脸就是变尖了，而且是越来越尖。对比她“知画”时期的照片，和现在的照片，脸型差别不要太大。\"},{\"type\":\"text\",\"value\":\"后遗症也随之而来了，现在秦岚一说话，下巴就有种要原地起飞的感觉，脸上的肉下垂松弛，完全挂不住。\"},{\"type\":\"text\",\"value\":\"看正脸还好，一看侧脸，后遗症完全藏不住。\"},{\"type\":\"text\",\"value\":\"5.孙菲菲\"},{\"type\":\"text\",\"value\":\"孙菲菲早期的颜值就非常高，是出了名的古装美人，不仅五官精致，模样姣好，气质也相当出众。\"},{\"type\":\"text\",\"value\":\"其实当时她的脸型就已经很漂亮了，不方也不大，只是稍微有点肉感，不算是硬伤。\"},{\"type\":\"text\",\"value\":\"看她的自拍照，明显能看出她的脸切得挺狠的，下巴尖得能戳死人，透着一股说不出的僵硬。孙菲菲这个脸已经属于动脸的反面典型了，本来是个女神，非要搞成蛇精脸。\"},{\"type\":\"text\",\"value\":\"明明已经很漂亮了，但孙菲菲还是去动了脸。她动脸后，直接从一个气质美人，变成了网红脸，她的脸变小了，下巴也变尖了，网友称她整容户变成了“低配杨幂既视感”。\"},{\"type\":\"text\",\"value\":\"美女为什么要这么“想不开”啊？\"},{\"type\":\"text\",\"value\":\"6.张萌\"},{\"type\":\"text\",\"value\":\"张萌早年脸上有婴儿肥，脸型圆圆的，下巴短，不算精致，但胶原蛋白满满，感觉比较有少女感。\"},{\"type\":\"text\",\"value\":\"到了《神话》时期，张萌的圆脸就已经变尖了，同时段参加活动时，张萌的脸完全变成了小尖脸。这个时候，应该算是张萌颜值的高光时期，动脸的痕迹还不算重 。\"},{\"type\":\"text\",\"value\":\"但随着时间的推移，张萌的脸变成一眼就能看出来动脸痕迹的程度，脸上全都是后遗症。\"},{\"type\":\"text\",\"value\":\"先不说别的部位，但是下巴就尖得下人，脸上的也挂不住肉了。\"},{\"type\":\"text\",\"value\":\"一做起大的表情，就有种随时要崩塌的感觉，脸型越发奇怪呢，脸蛋有几分吓人，怎么看怎么不对劲，看起来还有些狰狞。\"},{\"type\":\"text\",\"value\":\"这些女明星为了变成小尖脸，选择了简单粗暴的方式，脸是变小变尖了，但随之而来的还有后遗症。\"},{\"type\":\"text\",\"value\":\"其实并不是只有小尖脸才好看，例如舒淇、巩俐等女星，都是方脸，她们没有去削骨，却依旧是女神，不仅美出了自己的特色，也没有所谓的后遗症，多年来一直保持着好状态。\"},{\"type\":\"text\",\"value\":\"所以说啊，削骨需谨慎，而且女明星们也要多提高美商，美出自己的特色，清一色的锥子脸，有什么看头呢？\"},{\"type\":\"text\",\"value\":\"特别声明：以上内容(如有图片或视频亦包括在内)为自媒体平台“网易号”用户上传并发布，本平台仅提供信息存储服务。\"}]'),(1464138458531389441,1464138458523000834,'[{\"type\":\"text\",\"value\":\"测试文章内容\"}]'),(1464138458632052738,1464138458623664130,'[{\"type\":\"text\",\"value\":\"11月25日，有一位娱乐博主在网上分享了一组贾静雯早期的写真作品，并配文“贾静雯早期的写真作品，穿红色连衣裙，搭配黑色高跟鞋，造型洋气，坐在沙发上摆拍，坐姿优雅，气质好，身材棒，不得不说，早期的贾静雯确实迷人！”看得出来，该娱乐博主对这一组贾静雯早期写真作品的评价挺高。\"},{\"type\":\"text\",\"value\":\"这一组贾静雯早期的写真被翻出2个小时以后，浏览量就超过了200万，网友点赞次数高达1万次，在我的印象中，如今的贾静雯已经不怎么活跃了啊，貌似她已经很久没有新的影视上线了，也很久没有出席活动了，没想到她居然还有这么的人气，也许这就是真正的明星吧。\"},{\"type\":\"text\",\"value\":\"从该娱乐博主晒出的这一组贾静雯早期的写真作品来看，这一组贾静雯的写真作品确实有再次翻红的道理，就拿贾静雯的穿衣搭配来说，贾静雯穿着一件红色的吊带裙，搭配了一双黑色的高跟鞋，这一红一黑的搭配，显得她的气质格外的妩媚，另外，这件红色吊带裙还采用了低领设计，发挥出了贾静雯的身材优势，大大地提升了贾静雯的女人味。\"},{\"type\":\"text\",\"value\":\"虽然贾静雯的穿衣搭配很显身材，但是她的气质依然显得格外的儒雅，这一点得力于贾静雯的坐姿，在这一组贾静雯早期的写真作品中，有一张是贾静雯坐在沙发上摆拍的照片，贾静雯坐在沙发摆拍时，她的坐姿格外的优雅，不仅提升了她的高级感，而且还显得她很大气。\"},{\"type\":\"text\",\"value\":\"从网友们对这一组贾静雯早期写真作品的评价来看，不仅有网友认为贾静雯的身材很好，而且还有网友认为贾静雯很迷人，不过，也有网友认为造型太显身材了，降低了贾静雯的高级感，显得贾静雯很风尘，看得出来，网友们对贾静雯的评价存在严重的两极分化。\"},{\"type\":\"text\",\"value\":\"不可否认，贾静雯的造型确实挺显身材，不过，我并不赞同贾静雯风尘味很重的说法，虽然有一些女明星秀身材的时候风尘味很重，但是也有一些女明星秀身材时高贵感很足啊，我个人觉得，贾静雯就是属于秀身材高级感很足的女明星，你们觉得呢？\"},{\"type\":\"text\",\"value\":\"\"},{\"type\":\"text\",\"value\":\"特别声明：以上内容(如有图片或视频亦包括在内)为自媒体平台“网易号”用户上传并发布，本平台仅提供信息存储服务。\"}]'),(1464138458791436291,1464138458783047681,'[{\"type\":\"text\",\"value\":\"自清朗行动开展以来，《快乐大本营》为了响应国家号召，强力进行停播改版。到目前为止，《快乐大本营》已停播三周，广大粉丝甚是想念。那么《快乐大本营》什么时候才能回归呢？现在好消息来了。\"},{\"type\":\"text\",\"value\":\"近日，有网友晒出《快乐大本营》在某图书馆拍摄的场地路透。从照片中我们可以看到，某图书馆的场馆内立着牌子，上面写着“本区域已被活动（快乐大本营）拍摄预留，给您带来不便，敬请谅解”，时间是：2021年11月25日，9：00-15:00。而相关的区域已被围起来。看来，《快乐大本营》已开始恢复录制。\"},{\"type\":\"text\",\"value\":\"此消息曝光后，网友激动不已，纷纷发文感谢博主。大家期盼的心，终于看到了希望。\"},{\"type\":\"text\",\"value\":\"《快乐大本营》是一档嘉宾访谈游戏秀节目，自1997年播出至今，已有24个年头，属于综艺节目的常青树。也是电视台的台柱子，目前，还没有哪个综艺可以比拟。节目自开播以来，深受观众喜爱，每一期节目都能带给大家很多欢乐。\"},{\"type\":\"text\",\"value\":\"同时，节目中的五位主持人，也变成了标配。虽然何炅的台词更多，但是其他人也都很配合。即使其他人受到了众多诟病，但是他们缺一不可。何炅、杜海涛、谢娜、吴昕、李维嘉已经融为了一体，都很棒。\"},{\"type\":\"text\",\"value\":\"其实，五位主持人每一个人都可以独当一面。只不过何炅是主持界的老大，其他主持人只能让位。\"},{\"type\":\"text\",\"value\":\"随着节目的不断壮大，以及网络形式的不断发展。《快乐大本营》发生了一些微妙的变化。以前是谁上《快乐大本营》谁火，现在是谁火谁上，节目已经失去了当年的影响力。被《快乐大本营》捧红的艺人有很多，比如：魏大勋、熊梓淇、杨迪、张杰、李浩菲等等。\"},{\"type\":\"text\",\"value\":\"从目前爆料的改版方案中我们可以看到，快乐大本营将会去娱乐化，集中力量创新，加入更多的青春元素，更加聚焦传统文化、文化交流、科技科教等主题。\"},{\"type\":\"text\",\"value\":\"同时增加了人工智能主持人，让科技引领潮流。这样一来五位主持人，将变成六位，节目形式更加的完善。\"},{\"type\":\"text\",\"value\":\"作为一档全民影响力很广的节目，确实应该改版。他需要有社会担当，去帮助和引导年轻人去学习更多的文化和知识，而不是一味地追星和玩乐。我相信改版后的《快乐大本营》会让大家满意，实现他应有的价值！\"},{\"type\":\"text\",\"value\":\"特别声明：以上内容(如有图片或视频亦包括在内)为自媒体平台“网易号”用户上传并发布，本平台仅提供信息存储服务。\"}]'),(1464138458946625539,1464138458938236930,'[{\"type\":\"text\",\"value\":\"71岁谭咏麟被爆“睡粉”的事已经发酵了两天。\"},{\"type\":\"text\",\"value\":\"爆料者从最初愤怒发文直指谭咏麟艺德有亏，到谭咏麟方发布否认声明后，又相继爆出疑似谭咏麟酒店背影照及通话记录截图，再到怒怼质疑他的谭咏麟粉丝，随后又毫无征兆地删除了一些爆料帖。\"},{\"type\":\"text\",\"value\":\"这件事似乎也变得更加扑朔迷离。\"},{\"type\":\"text\",\"value\":\"首先，爆料者给人的感觉很激动，言辞间无不透露着对谭咏麟的愤怒，但他能够证明所言非虚的材料，只有一篇控诉文和看不清人脸的背影照。这些“证据”对他的爆料内容来说，根本就是毫无力度的锤。\"},{\"type\":\"text\",\"value\":\"其次，对于一些信奉“凡事都不会是空穴来风”的人来说，有瓜有料的指控自然不可能是无端出现，更何况，爆料者的表现不像是在炒作。\"},{\"type\":\"text\",\"value\":\"以至于在爆料者删除部分帖子后，一些网友开始猜测他是不是被公关了，即“是不是这件事已经在私下谈妥了？”\"},{\"type\":\"text\",\"value\":\"就在大家疑惑不解时，11月25日，事情终于又有了新进展。\"},{\"type\":\"text\",\"value\":\"该爆料者发文正面回应各种质疑，声称没有被公关，而且也不接受公关。此前只是太气愤才宣泄出来，只是没想到占用了这么多公共资源。\"},{\"type\":\"text\",\"value\":\"他还表示，前女友已经向自己坦诚了一切，对于此前发布过的所有内容，他都会负法律责任，不论对方采取什么手段，自己都会奉陪到底。\"},{\"type\":\"text\",\"value\":\"从爆料者的态度来看，无疑还是一如既往地强硬，一句“为言论负责，奉陪到底”既表明了自己的态度，又间接在佐证自己爆料内容的真实。\"},{\"type\":\"text\",\"value\":\"不过也有网友从这段文字中发现一些值得推敲的细节：\"},{\"type\":\"text\",\"value\":\"首先，他对女方的称呼已经变成了“前女友”，这意味着经过此前的爆料，二人已经分道扬镳。\"},{\"type\":\"text\",\"value\":\"“分手”看似是情感问题，却也在间接证明他所爆料的内容并非虚假杜撰，他也并不是所谓的“炒作”。\"},{\"type\":\"text\",\"value\":\"但其次，他说“没想到会占用这么多公共资源”这句话却不免让人起疑。\"},{\"type\":\"text\",\"value\":\"谭咏麟的名气众所周知，一个老牌巨星被质疑“睡粉”这种事的影响力更是可想而知，所以有网友怀疑：\"},{\"type\":\"text\",\"value\":\"他说这句话的目的，要么是主动找台阶希望让事件平息；要么就是被公关了，钱到手了，以此言论妄图息事宁人。\"},{\"type\":\"text\",\"value\":\"不过在我看来，事情或许不是网友猜测的“被公关”，毕竟他最后那句话很明显是意有所指，就是在肯定自己爆料内容的真实性。\"},{\"type\":\"text\",\"value\":\"所以，如果这样也算“被公关”的话，只能说公关得很失败，承认了事实又侧面肯定了爆料者的强硬态度，拉拢人心。\"},{\"type\":\"text\",\"value\":\"唯一的可能就是，他确实不想把事情闹得太大，再加上他曾表示有谭咏麟粉丝对其进行言语攻击，所以不堪其扰下，希望在坚定立场的前提下回归正常生活。\"},{\"type\":\"text\",\"value\":\"不过这些都是我们的猜测，按照事件最新进展中爆料者的言论来看，这件事能否到此为止，取决于“德艺双馨”方的后续态度。\"},{\"type\":\"text\",\"value\":\"而整件事的真实情况到底如何？他没拿出实锤，谭咏麟方也发声辟谣，所以作为吃瓜群众的我们，还是理性吃瓜，静待后续吧！\"},{\"type\":\"text\",\"value\":\"特别声明：以上内容(如有图片或视频亦包括在内)为自媒体平台“网易号”用户上传并发布，本平台仅提供信息存储服务。\"}]'),(1464138459139563521,1464138459122786306,'[{\"type\":\"text\",\"value\":\"测试文章内容\"}]'),(1464138459336695809,1464138459319918594,'[{\"type\":\"text\",\"value\":\"娱乐明星都想进军“好莱坞”，为了好莱坞的梦想，从不挑选角色，即使在戏里被虐得体无完肤，也心之愿往。\"},{\"type\":\"text\",\"value\":\"可是，在娱乐圈有这样的一位艺人，他进入“好莱坞”就一个要求，演正派人士，而且拒绝“玷污”华人，他就是“邹兆龙”。\"},{\"type\":\"text\",\"value\":\"演了一辈子的“坏蛋”，可是在家国情怀下，他在国外的影片中却很有担当。\"},{\"type\":\"text\",\"value\":\"他说“电影是艺术，我不可能让你们用这样的方式践踏我的民族”。为这样的爱国艺人点赞。\"},{\"type\":\"text\",\"value\":\"01、\"},{\"type\":\"text\",\"value\":\"1976年，邹兆龙出生在台湾省，家中十三个兄弟姐妹，邹兆龙排行老幺。\"},{\"type\":\"text\",\"value\":\"家中的孩子众多，父亲不堪重负，早早去世，这对邹兆龙的成长造成了很大的影响，在他还不懂事的时候，为了家庭妈妈不得已把哥哥、姐姐送到孤儿院，只留下邹兆龙在身边。\"},{\"type\":\"text\",\"value\":\"邹兆龙慢慢 长大，他知道父亲不在了，妈妈也没有太多的精力照顾自己。\"},{\"type\":\"text\",\"value\":\"为了不让小朋友欺负自己，邹兆龙在六岁的时候，在与妈妈一起拜佛的时候，看到了雕刻机“嗡嗡”地转动，他想学习这个技术。\"},{\"type\":\"text\",\"value\":\"妈妈就让他做起了“雕刻学徒”。\"},{\"type\":\"text\",\"value\":\"小孩子的“三分钟”热血，很快就被枯燥的工作磨没了。\"},{\"type\":\"text\",\"value\":\"但是在雕刻店旁边有一间武馆，邹兆龙对武术充满了好奇，总是偷偷地看着武馆里的人“呼呼哈哈”。\"},{\"type\":\"text\",\"value\":\"邹兆龙的好奇，被一位十来岁的大哥哥看到，对他说“你来练武吧，免费的”，邹兆龙就来到了武馆。\"},{\"type\":\"text\",\"value\":\"没想到自己的好奇，会成为自己日后吃饭的本钱。\"},{\"type\":\"text\",\"value\":\"在雕刻店干了三年，邹兆龙对雕刻店的工作厌烦了，就和妈妈吵着说“我不想干了，我想去做面包”，那时，邹兆龙经常吃不饱。\"},{\"type\":\"text\",\"value\":\"他想“面包店”总能吃饱了吧，妈妈也觉得他这么小，干那么累的活，就让他去面包店打工了。\"},{\"type\":\"text\",\"value\":\"在工作之余，邹兆龙都会拿出双节棍在烤箱旁边耍上一会。\"},{\"type\":\"text\",\"value\":\"偶尔还会给同事们表演一下“咏春、练跆拳道、泰拳”等套路武术，同事们对这个小孩都很喜欢。\"},{\"type\":\"text\",\"value\":\"一天，一位同事和他说“我给你介绍了一个工作，给演员做替身”。邹兆龙对表演还没有概念，就带着很多问号前去片场。\"},{\"type\":\"text\",\"value\":\"在片场，导演和他讲了很多规则，本以为会NG几次，哪成想倪星超乎想象地让大家很满意，导演向他伸出橄榄枝，说“有没有兴趣拍电影”？\"},{\"type\":\"text\",\"value\":\"邹兆龙觉得很好玩，就同意了。\"},{\"type\":\"text\",\"value\":\"02、\"},{\"type\":\"text\",\"value\":\"邹兆龙问导演自己的酬劳是多少时，导演笑着拿出了1200块台币，而倪星那会在面包店一个月才9000块台币。\"},{\"type\":\"text\",\"value\":\"不过，他不知道武行是“非常辛苦的行业”，僧多粥少，很长时间都排不上角色，为了生计，邹兆龙买了折叠床，住在了剧组。\"},{\"type\":\"text\",\"value\":\"那时，拍一部戏，就有1000块的收入，有时一天要拍三四部戏，每天就有几千块的收入，这对邹兆龙来说“钱太容易挣了”。\"},{\"type\":\"text\",\"value\":\"邹兆龙虽然很小，但是很懂得行规，每天起得很早，从来不耽误拍戏，往往都是最早到的剧组，没开拍的时候，就自己在片场练功。\"},{\"type\":\"text\",\"value\":\"好心总会有好报，邹兆龙靠着勤奋让圈内人认可了邹兆龙。\"},{\"type\":\"text\",\"value\":\"在替身行业一干就是几年，也攒下了一些积蓄，给妈妈买了房子。\"},{\"type\":\"text\",\"value\":\"等他到了18岁，一个贵人出现了，改变了他的一生。\"},{\"type\":\"text\",\"value\":\"1985年，邹兆龙被知名艺人推荐，成为电影《全力反弹》的演员，当时《全力反弹》的导演是洪金宝。\"},{\"type\":\"text\",\"value\":\"洪金宝需要一位“有格斗经验、会武术套路、有跆拳道功底”的人，邹兆龙来到片场，洪金宝开始还很不以为然，试戏的时候，洪金宝才发现“这是个宝贝呀”，什么都会，而且功夫不错。\"},{\"type\":\"text\",\"value\":\"就这样，邹兆龙拍摄了这部电影。\"},{\"type\":\"text\",\"value\":\"而后，邹兆龙服兵役，洪金宝非常赏识邹兆龙，就对他说“我等你”。\"},{\"type\":\"text\",\"value\":\"两年的时间，转瞬即逝，邹兆龙退役之后，洪金宝一个电话说“来香港吧”，随后把邹兆龙的关系等事宜都办理好。\"},{\"type\":\"text\",\"value\":\"邹兆龙成为了“洪家班”的一员，也拜师洪金宝。\"},{\"type\":\"text\",\"value\":\"03、\"},{\"type\":\"text\",\"value\":\"洪金宝对邹兆龙很关心，不仅教他做武术指导，还教他执导拍戏，而且对做人做事上，也给了他很多经验。\"},{\"type\":\"text\",\"value\":\"那时，邹兆龙觉得洪金宝就是自己的半个“爸爸”。\"},{\"type\":\"text\",\"value\":\"在香港早期的娱乐圈，有一个不成文的规定，那就是“导演不找你，你不能找导演约戏”。\"},{\"type\":\"text\",\"value\":\"邹兆龙很懂规矩，在片场首先向前辈问好，之后再与导演、武指导交流戏份。\"},{\"type\":\"text\",\"value\":\"武打演员在那会必须要真打，还要会“挨打”，没有套路，邹兆龙在这方面很“胆大”，导演说开始，他的命就是导演的，即使悬崖绝壁，说跳就跳。\"},{\"type\":\"text\",\"value\":\"在拍戏的时候，经常受伤，但是他从不喊疼。\"},{\"type\":\"text\",\"value\":\"“洪家班”人才济济，邹兆龙只能从替身、配角中锤炼自己的演技。\"},{\"type\":\"text\",\"value\":\"早期洪家班拍摄了很多“鬼片”，像《羞羞鬼》、《怕羞鬼》、《鬼咬鬼》、《龙凤贼捉贼》等，都是替身、配角。\"},{\"type\":\"text\",\"value\":\"1991年，邹兆龙还是“金牌替身”，在拍摄《一刀倾城》的时候，邹兆龙为了关之琳差点“摔死”。\"},{\"type\":\"text\",\"value\":\"当时，邹兆龙是该部影片的武术指导，还客串了一个小角色，但是关之琳的武替，完成不了动作，邹兆龙决定自己上阵，\"},{\"type\":\"text\",\"value\":\"一个镜头之后，大家觉得不够完美，邹兆龙又来一次，镜头下的他完成的非常出色，却重重的摔在墙上，摔成了重伤。\"},{\"type\":\"text\",\"value\":\"在担架上的邹兆龙对着师傅说“对不起，我得去医院了”，洪金宝握着他的手说“你好好养伤，我们还要一起打天下”。\"},{\"type\":\"text\",\"value\":\"04、\"},{\"type\":\"text\",\"value\":\"邹兆龙在医生建议“卧床半年养伤”时，三个月火速出院，直奔片场，投入工作，洪金宝看徒弟这样卖命就给他安排三部戏，做正派主角。\"},{\"type\":\"text\",\"value\":\"可是，反响平平。\"},{\"type\":\"text\",\"value\":\"1994年，大红大紫的李连杰在拍摄《中南海保镖》的时候，剧组把邹兆龙推荐出来，让他与李连杰演对手戏。\"},{\"type\":\"text\",\"value\":\"两人都是有功夫底子的人，李连杰是武数冠军，对套路很在行，邹兆龙是实打型艺人，更是有多年的替身经历。\"},{\"type\":\"text\",\"value\":\"为了突出李连杰的功夫，与邹兆龙的对打戏非常多，而邹兆龙饰演的“反派”，给大众留下了深刻的印象，不仅功夫好，而且那犀利的眼神，坏坏的神情，都拿捏的很到位。\"},{\"type\":\"text\",\"value\":\"李连杰也开始欣赏这个“坏蛋”了。\"},{\"type\":\"text\",\"value\":\"后来，李连杰在拍摄《倚天屠龙记之魔教教主》，向导演推荐邹兆龙出演“宋青书”，两人一正一邪，组成了鲜明的对比。\"},{\"type\":\"text\",\"value\":\"不过这部戏的精彩角色太多，邹兆龙 反派也让人反感，反而“张敏、李连杰、邱淑贞、黎姿”等人大红大紫。\"},{\"type\":\"text\",\"value\":\"邹兆龙出色的演技赢得了“周星驰”的青睐，邀请他来拍摄自己的《九品芝麻官之白面包青天》。\"},{\"type\":\"text\",\"value\":\"邹兆龙对“喜剧”不是很感冒，他觉得演戏就要真刀真枪的，喜剧太浮夸。\"},{\"type\":\"text\",\"value\":\"可周星驰几次邀请，还求到了洪金宝，搬出了很多前辈，最终邹兆龙出演了。\"},{\"type\":\"text\",\"value\":\"他在戏里演了一个“大坏蛋”常威。\"},{\"type\":\"text\",\"value\":\"邹兆龙把“常威”这个角色演的坏到了极点，剧中的台词也成为了经典“我看到常威在打来福，常威你还说你不会武功”。\"},{\"type\":\"text\",\"value\":\"无心插柳柳成荫，邹兆龙靠着“坏蛋”被冠上了“反派专业户”的帽子。\"},{\"type\":\"text\",\"value\":\"他无意之间就爆红 ，不过有些观众太入戏，把他看成了真常威，经常被骚扰，邹兆龙就在采访的时候说“常威是我双胞胎弟弟”。\"},{\"type\":\"text\",\"value\":\"之后的他一直演是“反派角色”。\"},{\"type\":\"text\",\"value\":\"那时，邹兆龙也赚得盆满钵满，片酬也到了几十万一部。\"},{\"type\":\"text\",\"value\":\"05、\"},{\"type\":\"text\",\"value\":\"踌躇满志的青年，在没有事业上升的时候，很失落。\"},{\"type\":\"text\",\"value\":\"1994年，邹兆龙与港姐亚军翁慧德撞个满怀，两人很快就恋爱了，不过为了事业，两人都不承认。\"},{\"type\":\"text\",\"value\":\"直到1996年，邹兆龙才承认与翁慧德相恋了四年。\"},{\"type\":\"text\",\"value\":\"当时很少人看好这段感情，毕竟那时的港姐都是“大佬”的玩物。\"},{\"type\":\"text\",\"value\":\"可是邹兆龙很在意恋情，从小就缺少爱与被爱，所以他对翁慧德很好。\"},{\"type\":\"text\",\"value\":\"1999年，邹兆龙与翁慧德多年恋情修成正果，两人前往美国注册结婚，从小就没怎么上过学的邹兆龙在美国都张不开嘴。\"},{\"type\":\"text\",\"value\":\"于是就自学英文，由于很好学，再加上勤奋，没多久邹兆龙就能与人正常交流。\"},{\"type\":\"text\",\"value\":\"2000年，身在美国的袁和平邀请邹兆龙加入《黑客帝国》剧组，参与武术指导和演员训练。\"},{\"type\":\"text\",\"value\":\"邹兆龙首先看了剧本，看到细节中没有“践踏民族”的戏份，决定参演。\"},{\"type\":\"text\",\"value\":\"邹兆龙有功夫，还有演技，再加上有一股狠劲，一起的演员都非常欣赏他，投资方也对邹兆龙很欣赏。\"},{\"type\":\"text\",\"value\":\"在第二部拍摄的时候，还是邀请了邹兆龙，更是给了邹兆龙“永久分红权”。\"},{\"type\":\"text\",\"value\":\"只要电影有“收益”他就享受分红的权利，哪怕自己不在了，儿女都可以继承这个权利。\"},{\"type\":\"text\",\"value\":\"邹兆龙在后来的采访中说：“在内地华人市场，找我演反派无所谓。华人在各地都在努力树立良好的华人形象，哪怕你给我再多的片酬，我也不能破坏他们辛苦维护的华人形象……艺术不分贵贱，但是你用艺术来践踏我们民族，我就不可能接受。”\"},{\"type\":\"text\",\"value\":\"不过，邹兆龙说“好莱坞学不到电影的魂”。\"},{\"type\":\"text\",\"value\":\"这些年中，邹兆龙虽然看上去坏坏的，但是他很注重电影的内涵，他对自己的要求很高，他说“没有意义的电影自己不去拍”。\"},{\"type\":\"text\",\"value\":\"李连杰对邹兆龙很敬佩，在拍摄《霍元甲》的时候，李连杰推荐了邹兆龙，之后两人合作了很多次。\"},{\"type\":\"text\",\"value\":\"2008年邹兆龙参演了《导火线》，剧中的他虽然是个“坏蛋”，但是他对母亲很是尊重，并不是坏到骨子里，他的洗礼有亲情、有尊重，很有层次。\"},{\"type\":\"text\",\"value\":\"而后，邹兆龙被大众逐渐接受，即使扮演正派人物也很受欢迎，在《四大名捕》中就很出色。\"},{\"type\":\"text\",\"value\":\"不仅这样，邹兆龙还是一个“戏托”，在《全城戒备》中邹兆龙的角色最为出彩。\"},{\"type\":\"text\",\"value\":\"2011年，邹兆龙拍摄了《铁血娇娃之丛林日记》，带着一群妹子，在丛林里……\"},{\"type\":\"text\",\"value\":\"06、\"},{\"type\":\"text\",\"value\":\"2016年邹兆龙主演了《超级保镖》，饰演了一位“穷凶极恶”的大坏蛋，角色饰演得深入人心。\"},{\"type\":\"text\",\"value\":\"邹兆龙在角色上拿捏得很到位，是圈里公认的敬业，在观众心中，他更是“男神”，可是人红是非多……\"},{\"type\":\"text\",\"value\":\"2017年08月26日晚上，微博上有一位叫“邹兆龙出轨记录”的微博引起了关注。\"},{\"type\":\"text\",\"value\":\"微博里详细爆料了邹兆龙与她交往的种种细节，并曝出与她交往后还出轨多人。\"},{\"type\":\"text\",\"value\":\"微博主就是其中之一，而且这种爆料在14日就陆续开始了，该女子称自己是在被“灌醉”的情况下发生的“关系”。\"},{\"type\":\"text\",\"value\":\"爆料者称邹兆龙还在事后给自己“洗内裤”，之后甜言蜜语地发誓……\"},{\"type\":\"text\",\"value\":\"邹兆龙随后发声称“自己在美国拍戏，出了车祸”，对发生这样的事，首先向大众道歉，虽然自己不知道是怎么回事，但是自己的事影响了大众的心情，也向妻子道歉，而后把所有的事以及证据交给了律师。\"},{\"type\":\"text\",\"value\":\"在邹兆龙与这位爆料者的证据之下，证明了该女子是“无中生有，为了博人眼球”，爆料女单方面的炒作，最终自食其果，向邹兆龙先生道歉，也得到了法律的制裁。\"},{\"type\":\"text\",\"value\":\"邹兆龙也向媒体说“我们（妻子）以后会珍惜彼此”。\"},{\"type\":\"text\",\"value\":\"这件事之后，大家对邹兆龙另眼相看，他很有责任感，对家庭、婚姻很忠诚。\"},{\"type\":\"text\",\"value\":\"在接受采访中，邹兆龙说“自己会继续拍戏，直到不能动”。\"},{\"type\":\"text\",\"value\":\"多年的拍戏生涯，他有很多伤，他从来都没有抱怨过一句。\"},{\"type\":\"text\",\"value\":\"纵使在大众心里他是最大的坏蛋，但是他却是个十足的好人。\"},{\"type\":\"text\",\"value\":\"2021年，邹兆龙撞脸“体操冠军刘洋”，网友还说“常威”还说你不会武功……\"},{\"type\":\"text\",\"value\":\"刘洋自己在媒体上发文说“你们不要叫我常威了”。\"},{\"type\":\"text\",\"value\":\"邹兆龙也发图回应。\"},{\"type\":\"text\",\"value\":\"而后网友隔空喊话邹兆龙“你能打赢甄子丹吗”？邹兆龙回应“我一定能”。\"},{\"type\":\"text\",\"value\":\"人生如戏，邹兆龙从艺几十年，一直都是反派，但是在观众的心中他是坏蛋，却也是实力演员，从他对民族大义上，他是个合格的演员，对角色上的拿捏，他是个实力艺人，对待感情的忠诚度上，他有责任，没有花料。\"},{\"type\":\"text\",\"value\":\"实力派加上演技派，这才是邹兆龙，这才是合格的艺人。\"},{\"type\":\"text\",\"value\":\"对于这样的邹兆龙大家还有什么补充的吗？欢迎评论区留言讨论。\"},{\"type\":\"text\",\"value\":\"本文由文刀万原创，欢迎关注，带你一起长知识！\"},{\"type\":\"text\",\"value\":\"（原创文章，请勿抄袭，违者必究）\"},{\"type\":\"text\",\"value\":\"\"},{\"type\":\"text\",\"value\":\"特别声明：以上内容(如有图片或视频亦包括在内)为自媒体平台“网易号”用户上传并发布，本平台仅提供信息存储服务。\"}]'),(1464138459508662273,1464138459479302146,'[{\"type\":\"text\",\"value\":\"测试文章内容\"}]'),(1464138459659657218,1464138459651268610,'[{\"type\":\"text\",\"value\":\"网易娱乐11月26日报道 近日，因与确诊者路线重合而接受检测的少女时代成员Yuri权俞利确认没有感染新冠病毒肺炎。所属公司SM娱乐今天宣布权俞利确认没有被感染，今后将正常出席活动。\"},{\"type\":\"text\",\"value\":\"25日，Yuri通过自己的Ins Story表示:今天早上在做造型并准备的时候，收到了与新冠确诊患者路线重合的消息。\"},{\"type\":\"text\",\"value\":\"\"},{\"type\":\"text\",\"value\":\"\"},{\"type\":\"text\",\"value\":\"权俞利昨天因与确诊者路线重合临时缺席了MBC电视台《放课后的心动》节目发布会，权俞利也亲自在SNS发文解释了未能出席《放课后的心动》发布会的原因，表示自己打过疫苗所以应该不会有什么问题。\"},{\"type\":\"text\",\"value\":\"\"},{\"type\":\"text\",\"value\":\"\"},{\"type\":\"text\",\"value\":\"(责任编辑：刘舒阳_NBJS16803)\"}]'),(1464138459798069250,1464138459789680642,'[{\"type\":\"text\",\"value\":\"网易娱乐11月25日报道 “只有我能受得了你”“我这么做都是被你逼的”“我对你太失望了”……这些话，你经常听到吗？11月25日是国际反家庭暴力日，冯远征提醒要警惕5种精神暴力，对暴力勇敢说不，拒绝伤害！\"},{\"type\":\"text\",\"value\":\"视频中，分别提到了应警惕的5种精神暴力：1、诱导扭曲：应警惕用语言反复引导，让你产生自卑和依赖的情绪；2、推卸责任：发生责任时，TA把责任全推给你，让你自我否定；3、超强控制欲：猜疑心重，控制欲强，并试图处处控制你的行为；4、羞辱打击：TA用侮辱性的语言，打击羞辱你摧毁你的自信；5、要挟威胁：TA经常要挟你，有时看似示弱，其实TA是在利用你的负罪感来操控你。\"},{\"type\":\"text\",\"value\":\"\"},{\"type\":\"text\",\"value\":\"\"},{\"type\":\"text\",\"value\":\"此前，冯远征在电视剧《不要和陌生人说话》中饰演男主角安嘉和，该剧是中国第一部直观反映家庭暴力的影视作品，瞄准暴力家庭成员的心理和心态上的微妙变化，讲述医界名流安嘉和与美貌妻子梅湘南新婚燕尔之时，丈夫对妻子的言行难以信任，深深的爱恋由此转化为苛刻的束缚的故事。\"},{\"type\":\"text\",\"value\":\"\"},{\"type\":\"text\",\"value\":\"该电视剧在当时给不少人留下了童年阴影。有网友表示：“这条找冯远征老师来拍真的太适合不过了”，“看到冯远征老师就想到安嘉和，塑造的家暴形象太成功了。”\"},{\"type\":\"text\",\"value\":\"\"},{\"type\":\"text\",\"value\":\"(责任编辑：刘舒阳_NBJS16803)\"}]'),(1464138459965841410,1464138459949064193,'[{\"type\":\"text\",\"value\":\"\"},{\"type\":\"text\",\"value\":\"网易娱乐11月25日报道 据猫眼专业版，截至25日发稿，电影《长津湖》票房达56.94亿，超过了《战狼2》登顶中国影史票房榜。\"},{\"type\":\"text\",\"value\":\"今日《战狼2》官微发长图祝贺《长津湖》登顶华语电影票房冠军。\"},{\"type\":\"text\",\"value\":\"\"},{\"type\":\"text\",\"value\":\"电影《长津湖》自9月30日上映后就受到了影迷的喜爱，部分版本密钥二次延期，期限为12月1日至12月30日。《长津湖》由陈凯歌、徐克、林超贤联合执导，吴京、易烊千玺领衔主演，段奕宏特别出演，朱亚文、李晨、胡军、韩东君等主演的抗美援朝电影。\"},{\"type\":\"text\",\"value\":\"相关报道： 有续集!《长津湖之水门桥》官宣 大部分内容已拍完\"},{\"type\":\"text\",\"value\":\"网易娱乐10月28日报道 10月28日，电影《长津湖之水门桥》发布先导海报，第七穿插连的战士们将要在美军撤退路线上的咽喉之处——水门桥，与对方再次展开一场殊死搏斗。\"},{\"type\":\"text\",\"value\":\"该片以抗美援朝战争第二次战役中的长津湖战役为背景，讲述在结束了新兴里和下碣隅里的战斗之后，七连战士们又接到了更艰巨的任务……\"},{\"type\":\"text\",\"value\":\"\"},{\"type\":\"text\",\"value\":\"据总制片人、博纳影业集团董事长于冬透露，《长津湖之水门桥》的大部分内容已经在今年年初拍摄完毕，由于季节变换的原因，有些戏份将延续到冬天拍摄。今年入冬后，全体主创将再度集结，继续拍摄完余下的部分。\"},{\"type\":\"text\",\"value\":\"\"},{\"type\":\"text\",\"value\":\"(责任编辑：李思_NBJ11322)\"}]'),(1464138460125224961,1464138460112642049,'[{\"type\":\"text\",\"value\":\"\"},{\"type\":\"text\",\"value\":\"\"},{\"type\":\"text\",\"value\":\"网易娱乐11月25日报道 英国流行女歌手JessieJ在个人社交账号中发布手持验孕棒的自拍，并表示自己流产了。\"},{\"type\":\"text\",\"value\":\"在配文中她写道：她还未告诉大家自己怀孕的消息，本来还在担心接下来的演出中如何不被人看出来。但是现在孩子已经离开了，感觉情绪控制不住，自己也还在接受这个事实中。但为了观众、为了自己和孩子，今晚仍会在洛杉矶完成好演出。\"},{\"type\":\"text\",\"value\":\"她还提到在第三次产检中，突然发现宝宝已经没有心跳。她求助医生，但是医生也无能为力，悲痛的心情不言而喻。\"},{\"type\":\"text\",\"value\":\"2018年1月，Jessie J加盟中国湖南卫视节目《歌手2018》。4月13日，Jessie J夺下《歌手2018》总冠军，首个“外国歌王”诞生，也在中国获得了大量的观众喜爱。\"},{\"type\":\"text\",\"value\":\"\"},{\"type\":\"text\",\"value\":\"(责任编辑：李思_NBJ11322)\"}]'),(1464138460251054083,1464138460242665474,'[{\"type\":\"text\",\"value\":\"《熙娣想聊》定档\"},{\"type\":\"text\",\"value\":\"小S的《熙娣想聊》官宣定档了，将于12月23日播出，每周四更新最新集数，与十位不同来宾激荡出前所未见的火花，小S说：“我希望呈现给观众最真实、最赤裸、最勇敢、最做自己的我，不论你在哪个地方，都希望能透过『熙娣想聊』得到欢乐与疗愈。”\"},{\"type\":\"text\",\"value\":\"这档节目不同于《康熙来了》和《花花万物》，从名字就可以看出来也是一档访谈节目，不过形式不太一样，会出外景以访谈的方式来录制，这也是大小S的再次合作，大S还是这档节目的制片人，大小S姐妹合体做节目，真是令人期待。\"},{\"type\":\"text\",\"value\":\"小S对这次与大S的合作也比较重视，对出外景也没有什么要求，甚至说穿拖鞋出镜也愿意，小S休闲了这么长时间，又到了大展身手的时候了，自然也是很兴奋，所以才会超配合吧。\"},{\"type\":\"text\",\"value\":\"观众期待已久的原因：大小S的主持风格有趣\"},{\"type\":\"text\",\"value\":\"大小s合体录制过很多综艺，如《大小爱吃》、《娱乐百分百》、《我们是真正的朋友》等，姐妹俩的主持风格有趣，都深受观众喜爱，从去年传出要做这档节目时，网友们就很关注，现在终于要来了，网友们直呼：“期待已久了”。\"},{\"type\":\"text\",\"value\":\"两人很小的时候以“徐氏姐妹”的名号出道，后来又组成歌唱组“ASOS”，之后再次转行做主持，姐姐大S把精力主要放在拍戏上，成为内地和台湾都很知名的演员，主演了《流星花园》风靡全国。\"},{\"type\":\"text\",\"value\":\"妹妹小S成为台湾数一数二的女主持人，主持了最红访谈节目《康熙来了》，小s的主持功力是非常不错的，她很会聊天，有在认真听来宾说话，张弛有度的在娱乐和感人之间游离，不显尴尬，不抢风头，也够真诚有时候问的问题很尖锐但是圆的好，不会冷场。\"},{\"type\":\"text\",\"value\":\"大S小S的配合也很好，经常两个人在不知不觉间就能，逼供出来宾一些比较有料的新闻，两一刚一柔的方式配合得特别好，有些明星讲话特别官方，经常能被姐妹俩从特别的角度挖出新的东西来，没有抢话的感觉。\"},{\"type\":\"text\",\"value\":\"小S首度单飞主持的网综《姐姐好饿》，首播当天就创下了超高的播放记录，并引发外界热赞，很多网友直呼，她强大的控场能力以及真性情的S式访问，也让“没有蔡康永帮扶，小S独立主持能力不足”的质疑不攻自破。\"},{\"type\":\"text\",\"value\":\"很多网友就很喜欢听大S聊天，不管什么事都说的很吸引人而且对一些人事的用词格外清奇有趣，大s组织能力非常强，给人一种有张有弛，娓娓道来，不疾不徐的感觉，每次听她说话都很舒服，不疾不徐，条理清晰。\"},{\"type\":\"text\",\"value\":\"大S不受离婚影响\"},{\"type\":\"text\",\"value\":\"大S在离婚之后，确实霸占了很长时间的热搜，网友们非常关注大S和汪小菲离婚一事，相较于那些离婚时比较狗血的明星夫妻，大S和汪小菲的离婚确实非常体面，并且大S也平静地表示，她希望小菲一直过得都比自己好。\"},{\"type\":\"text\",\"value\":\"官宣离婚后，台媒爆料大S被拍到现身餐馆喝酒，一个人独自享用白松露大餐，告诉服务员“若不喊停就继续刨白松露”最后刨了一万多，红酒配上白松露，绝对是别样的享受，看来大S心情并没受到离婚的影响。\"},{\"type\":\"text\",\"value\":\"小S透露大S瘦身成功，就连手臂都变得很细，现在完全变成杉菜的样子，很多网友都觉得大S一直在逆生长，越来越有少女感了，看样子她在离婚之后的心情确实非常平静。\"},{\"type\":\"text\",\"value\":\"如今大S和汪小菲的身家都不菲，即使两人离婚了，身边也不会缺少桃花，相信终有一日，他们能够找到真正属于自己的另一半，期待大小S的综艺《熙娣想聊》的播出，网友们都期待很久了。\"},{\"type\":\"text\",\"value\":\"特别声明：以上内容(如有图片或视频亦包括在内)为自媒体平台“网易号”用户上传并发布，本平台仅提供信息存储服务。\"}]'),(1464138460464963585,1464138460452380674,'[{\"type\":\"text\",\"value\":\"近日，宋祖儿拍戏期间的花絮视频被曝光，当天宋祖儿拍摄一组落水戏，拍摄地点正好位于一个小池塘边上，演员们拍摄也相当卖力认真，落水和营救的戏份看起来都相当真实。\"},{\"type\":\"text\",\"value\":\"其中有一段戏需要宋祖儿被王安宇做人工呼吸，两人都表现得相当专业，看起来就像是现场教学一般。\"},{\"type\":\"text\",\"value\":\"当宋祖儿被王安宇大力按压胸口时，本来需要装晕的宋祖儿突然憋不住了，直接当着镜头被压到弹跳了起来，想必应该是男方力气太大，所以宋祖儿一时无法忍受，于是在当下做出了最真实的反应。\"},{\"type\":\"text\",\"value\":\"因为是闭着眼睛的原因，宋祖儿还直接把自己提前含在嘴里的水，直接吐到了王安宇的脸上，画面看起来完全就是一出喜剧。\"},{\"type\":\"text\",\"value\":\"两人抬起头的时候，彼此脸上都是宋祖儿吐出来的口水，画面看起来简直不要太搞笑。\"},{\"type\":\"text\",\"value\":\"甚至连一旁拍摄的镜头都没能够幸免于难，直接被宋祖儿吐的水，淋了个透，一旁的工作人员们也只能在结束拍摄后，拿着纸巾紧急处理，现场看起来一片慌乱。\"},{\"type\":\"text\",\"value\":\"虽然目前这部戏还没有开播，但是从不断被曝光的花絮来看，男女主角都为此付出了不少的努力\"},{\"type\":\"text\",\"value\":\"因为角色定位为专业运动员的关系，宋祖儿在幕后花了不少的时间学习新技能，力求能够达到符合原著的水平，但过程却比大家想象的要艰难许多。\"},{\"type\":\"text\",\"value\":\"看到宋祖儿多次穿着单薄地衣服摔倒在地上，也属实是有些令人心疼，但演员这个工作的独特性也就在于此，为了能够呈现出最真实最精彩的表演，演员们就需要在幕后接受千锤百炼。\"},{\"type\":\"text\",\"value\":\"影视作品镜头中所有“撒糖”和“耍帅”的画面，都是在片场所有工作人员们配合演绎才呈现出来的，或许并没有大家想象中的梦幻，但却能够看到艺人们的努力和专业。\"},{\"type\":\"text\",\"value\":\"特别声明：以上内容(如有图片或视频亦包括在内)为自媒体平台“网易号”用户上传并发布，本平台仅提供信息存储服务。\"}]'),(1464138460758564866,1464138460741787649,'[{\"type\":\"text\",\"value\":\"这造型着实吓了我一跳，超宽的额头、稀少的发量，你要不说她是赵本山的女儿球球，我还以为是六七十岁的大妈。如果没有美颜的加持，我觉得球球的难看程度还会提升很多，这是咋了？明明才24岁的小姑娘啊！怎么这脱发的困扰她也有呢？据悉，她还专门去植发了，这次直播就是给我们看看效果。\"},{\"type\":\"text\",\"value\":\"在我的印象里，球球每一次出现，我都觉得她有一点奇怪。后来琢磨了一下，感觉她的头发发量不足，而且有一些发黄，不是特意染的那一种，而是类似于农村营养跟不上的小孩那种。可她却是小品之王赵本山的女儿啊，差钱这件事显然是不存在的。一出生就含着金汤匙，球球的生活条件远超我们绝大多数人。\"},{\"type\":\"text\",\"value\":\"在直播中，我们清晰可见，球球的脱发到了一个令人惊讶的地步。她的前额宽度已经快接近整个头顶的三分之一了，也就是说整体头发向后移动。在存在的头发中，我们很容易就看到头皮，说明她仅有的一些头发的发量也出奇得少。如果我们能翻到之前的视频的话，会发现这种现象在愈演愈烈中。\"},{\"type\":\"text\",\"value\":\"在球球还没有开直播之前，我们偶尔可以看到她和赵本山的合照。那时候，她一般都是用齐刘海来遮挡住额头，我们看不到她的额头，自然也不知道发际线后移这件事。后来，她开直播之后，发现头发挡在眼前比较碍事，就把刘海剪掉了。只是，她一次又一次的直播，她的发际线就一次又一次的后移。\"},{\"type\":\"text\",\"value\":\"发际线后移这件事，一般都发生在50岁往上的男性人群中，就算个别提前了，那也起码要30岁，很少听说有20几岁就秃的，更何况球球还是一个女的。反倒是赵本山的儿子牛牛没有这个困扰，几次出现都可以看到他的发量挺足。关键点是，老赵和他媳妇也没有任何脱发的嫌疑啊。\"},{\"type\":\"text\",\"value\":\"有的网友看到之后，说球球真像那个《神雕侠侣》中的裘千尺，这么一说我也觉得像，特意把原版照片拿了出来对比了一下。发际线后移的位置真的和裘千尺很像，但人家那是拍戏，用的假发套，而球球这是现实版的。植发这个东西，只能说缓解一下糟糕的外形，但不可能恢复到从前了。\"},{\"type\":\"text\",\"value\":\"而且，植发这个东西特别贵，尽管老赵家不差钱，但球球也必须要受到皮肉之苦。究竟是什么导致了这个现象呢？球球天生性格就直爽，个人觉得挺像一个爷们，也属于新时代典型少年。一些新时代的不好习惯她都要沾点边，重点是熬夜这一条。主播一般都是夜里直播，这就需要用本该休息的时间来替换。\"},{\"type\":\"text\",\"value\":\"除了遗传因素之外，熬夜是造成脱发的很重要的一个原因。球球出道了几年，她就直播了几年，然后再和朋友们夜里出去玩，这种颠倒黑白的生活加速了她的脱发，让一个仅有24岁的小姑娘就饱受中年男人的苦恼。这么说吧，只要她自己不重视这件事，这种脱发的现象会更加严重，植发是根本解决不了问题的。\"},{\"type\":\"text\",\"value\":\"特别声明：以上内容(如有图片或视频亦包括在内)为自媒体平台“网易号”用户上传并发布，本平台仅提供信息存储服务。\"}]'),(1464138460930531329,1464138460917948417,'[{\"type\":\"text\",\"value\":\"网易娱乐11月25日报道 25日，昆凌在个人社交平台发布动态报平安：谢谢大家的关心，我头好多了。\"},{\"type\":\"text\",\"value\":\"\"},{\"type\":\"text\",\"value\":\"据悉，23日昆凌在当天下午突发意外撞到头部。经纪人向台媒回应表示，有到她家探望，她的头部些微红肿，身体较疲倦，还好意识清楚，不过经纪人想让她多休息并未细问她怎么撞到，可能是照顾小朋友或做家务时不小心撞到。\"},{\"type\":\"text\",\"value\":\"\"},{\"type\":\"text\",\"value\":\"(责任编辑：韩冲_NBJ11345)\"}]'),(1464138461077331970,1464138461068943362,'[{\"type\":\"text\",\"value\":\"测试文章内容\"}]'),(1466611002324848641,1466610229394309121,'[{\"type\":\"text\",\"value\":\"dfsdfsd\"},{\"type\":\"image\",\"value\":\"http://hmtt135.oss-cn-shanghai.aliyuncs.com/material/2021/11/20211123/8164badb0c174151a8807b1d6d360522.jpg\"}]');

/*Table structure for table `ap_article_label` */

DROP TABLE IF EXISTS `ap_article_label`;

CREATE TABLE `ap_article_label` (
  `id` bigint(20) unsigned NOT NULL AUTO_INCREMENT COMMENT '主键',
  `article_id` bigint(20) unsigned DEFAULT NULL,
  `label_id` int(11) unsigned DEFAULT NULL COMMENT '标签ID',
  `count` int(5) unsigned DEFAULT NULL COMMENT '排序',
  PRIMARY KEY (`id`)
) ENGINE=InnoDB DEFAULT CHARSET=utf8 COMMENT='文章标签信息表';

/*Data for the table `ap_article_label` */

/*Table structure for table `ap_associate_words` */

DROP TABLE IF EXISTS `ap_associate_words`;

CREATE TABLE `ap_associate_words` (
  `id` int(11) unsigned NOT NULL AUTO_INCREMENT,
  `associate_words` varchar(20) COLLATE utf8mb4_unicode_ci DEFAULT NULL COMMENT '联想词',
  `created_time` datetime DEFAULT NULL COMMENT '创建时间',
  PRIMARY KEY (`id`) USING BTREE,
  KEY `idx_associate_words` (`associate_words`) USING BTREE
) ENGINE=InnoDB DEFAULT CHARSET=utf8mb4 COLLATE=utf8mb4_unicode_ci ROW_FORMAT=DYNAMIC COMMENT='联想词表';

/*Data for the table `ap_associate_words` */

/*Table structure for table `ap_author` */

DROP TABLE IF EXISTS `ap_author`;

CREATE TABLE `ap_author` (
  `id` int(11) unsigned NOT NULL AUTO_INCREMENT COMMENT '主键',
  `name` varchar(20) DEFAULT NULL COMMENT '作者名称',
  `type` tinyint(1) unsigned DEFAULT NULL COMMENT '0 爬取数据\r\n            1 签约合作商\r\n            2 平台自媒体人\r\n            ',
  `user_id` int(11) unsigned DEFAULT NULL COMMENT '社交账号ID',
  `created_time` datetime DEFAULT NULL COMMENT '创建时间',
  `wm_user_id` int(11) unsigned DEFAULT NULL COMMENT '自媒体账号',
  PRIMARY KEY (`id`),
  UNIQUE KEY `idx_type_name` (`type`,`name`)
) ENGINE=InnoDB AUTO_INCREMENT=6 DEFAULT CHARSET=utf8 COMMENT='APP文章作者信息表';

/*Data for the table `ap_author` */

insert  into `ap_author`(`id`,`name`,`type`,`user_id`,`created_time`,`wm_user_id`) values (1,'zhangsan',2,1,'2020-03-19 23:43:54',NULL),(2,'lisi',2,2,'2020-03-19 23:47:44',NULL),(3,'wangwu',2,3,'2020-03-19 23:50:09',NULL),(4,'admin',2,4,'2020-03-30 16:36:41',1102),(5,'suwukong',2,5,'2021-11-18 21:59:25',1103);

/*Table structure for table `ap_collection` */

DROP TABLE IF EXISTS `ap_collection`;

CREATE TABLE `ap_collection` (
  `id` bigint(20) unsigned NOT NULL AUTO_INCREMENT,
  `entry_id` int(11) unsigned DEFAULT NULL COMMENT '实体ID',
  `article_id` bigint(20) unsigned DEFAULT NULL COMMENT '文章ID',
  `type` tinyint(1) unsigned DEFAULT NULL COMMENT '点赞内容类型\r\n            0文章\r\n            1动态',
  `collection_time` datetime DEFAULT NULL COMMENT '创建时间',
  `published_time` datetime DEFAULT NULL COMMENT '发布时间',
  PRIMARY KEY (`id`) USING BTREE,
  KEY `idx_user_type` (`entry_id`,`article_id`)
) ENGINE=InnoDB AUTO_INCREMENT=2 DEFAULT CHARSET=utf8mb4 COLLATE=utf8mb4_unicode_ci ROW_FORMAT=DYNAMIC COMMENT='APP收藏信息表';

/*Data for the table `ap_collection` */

insert  into `ap_collection`(`id`,`entry_id`,`article_id`,`type`,`collection_time`,`published_time`) values (1,1,1303156149041758210,0,'2020-04-07 23:46:47','2020-04-07 23:46:50');

/*Table structure for table `ap_dynamic` */

DROP TABLE IF EXISTS `ap_dynamic`;

CREATE TABLE `ap_dynamic` (
  `id` int(11) unsigned NOT NULL,
  `user_id` int(11) unsigned DEFAULT NULL COMMENT '文章作者的ID',
  `user_name` varchar(20) COLLATE utf8mb4_unicode_ci DEFAULT NULL COMMENT '作者昵称',
  `content` varchar(500) COLLATE utf8mb4_unicode_ci DEFAULT NULL COMMENT '频道名称',
  `is_forward` tinyint(1) unsigned DEFAULT NULL COMMENT '是否转发',
  `article_id` bigint(11) unsigned DEFAULT NULL COMMENT '转发文章ID',
  `articel_title` varchar(50) COLLATE utf8mb4_unicode_ci DEFAULT NULL COMMENT '转发文章标题',
  `article_image` varchar(50) COLLATE utf8mb4_unicode_ci DEFAULT NULL COMMENT '转发文章图片',
  `layout` tinyint(1) unsigned DEFAULT NULL COMMENT '布局标识\r\n            0 无图动态\r\n            1 单图动态\r\n            2 多图动态\r\n            3 转发动态',
  `images` varchar(1000) COLLATE utf8mb4_unicode_ci DEFAULT NULL COMMENT '文章图片\r\n            多张逗号分隔',
  `likes` int(5) unsigned DEFAULT NULL COMMENT '点赞数量',
  `collection` int(5) unsigned DEFAULT NULL COMMENT '收藏数量',
  `comment` int(5) unsigned DEFAULT NULL COMMENT '评论数量',
  `views` int(5) unsigned DEFAULT NULL COMMENT '阅读数量',
  `created_time` datetime DEFAULT NULL COMMENT '创建时间',
  PRIMARY KEY (`id`) USING BTREE
) ENGINE=InnoDB DEFAULT CHARSET=utf8mb4 COLLATE=utf8mb4_unicode_ci ROW_FORMAT=DYNAMIC COMMENT='APP用户动态信息表';

/*Data for the table `ap_dynamic` */

/*Table structure for table `ap_equipment` */

DROP TABLE IF EXISTS `ap_equipment`;

CREATE TABLE `ap_equipment` (
  `id` int(11) unsigned NOT NULL AUTO_INCREMENT,
  `type` tinyint(1) unsigned DEFAULT NULL COMMENT '0PC\r\n            1ANDROID\r\n            2IOS\r\n            3PAD\r\n            9 其他',
  `version` varchar(20) COLLATE utf8mb4_unicode_ci DEFAULT NULL COMMENT '设备版本',
  `sys` varchar(20) COLLATE utf8mb4_unicode_ci DEFAULT NULL COMMENT '设备系统',
  `no` varchar(36) COLLATE utf8mb4_unicode_ci DEFAULT NULL COMMENT '设备唯一号，MD5加密',
  `created_time` datetime DEFAULT NULL COMMENT '登录时间',
  PRIMARY KEY (`id`) USING BTREE
) ENGINE=InnoDB DEFAULT CHARSET=utf8mb4 COLLATE=utf8mb4_unicode_ci ROW_FORMAT=DYNAMIC COMMENT='APP设备信息表';

/*Data for the table `ap_equipment` */

/*Table structure for table `ap_equipment_code` */

DROP TABLE IF EXISTS `ap_equipment_code`;

CREATE TABLE `ap_equipment_code` (
  `id` int(11) unsigned NOT NULL,
  `equipment_id` int(11) unsigned DEFAULT NULL COMMENT '用户ID',
  `code` longtext COLLATE utf8mb4_unicode_ci COMMENT '设备码',
  PRIMARY KEY (`id`) USING BTREE
) ENGINE=InnoDB DEFAULT CHARSET=utf8mb4 COLLATE=utf8mb4_unicode_ci ROW_FORMAT=DYNAMIC COMMENT='APP设备码信息表';

/*Data for the table `ap_equipment_code` */

/*Table structure for table `ap_hot_articles` */

DROP TABLE IF EXISTS `ap_hot_articles`;

CREATE TABLE `ap_hot_articles` (
  `id` bigint(20) unsigned NOT NULL AUTO_INCREMENT,
  `entry_id` int(11) unsigned NOT NULL DEFAULT '0',
  `tag_id` int(11) unsigned NOT NULL DEFAULT '0' COMMENT '频道ID',
  `tag_name` varchar(20) COLLATE utf8mb4_unicode_ci DEFAULT NULL COMMENT '频道名称',
  `score` int(10) unsigned NOT NULL DEFAULT '0' COMMENT '热度评分',
  `article_id` bigint(20) unsigned DEFAULT NULL COMMENT '文章ID',
  `province_id` int(11) unsigned DEFAULT NULL COMMENT '省市',
  `city_id` int(11) unsigned DEFAULT NULL COMMENT '市区',
  `county_id` int(11) unsigned DEFAULT NULL COMMENT '区县',
  `is_read` tinyint(2) unsigned DEFAULT NULL COMMENT '是否阅读',
  `release_date` datetime DEFAULT NULL,
  `created_time` datetime DEFAULT NULL COMMENT '创建时间',
  PRIMARY KEY (`id`) USING BTREE,
  KEY `idx_entry_id` (`entry_id`) USING BTREE
) ENGINE=InnoDB AUTO_INCREMENT=5 DEFAULT CHARSET=utf8mb4 COLLATE=utf8mb4_unicode_ci ROW_FORMAT=DYNAMIC COMMENT='热文章表';

/*Data for the table `ap_hot_articles` */

insert  into `ap_hot_articles`(`id`,`entry_id`,`tag_id`,`tag_name`,`score`,`article_id`,`province_id`,`city_id`,`county_id`,`is_read`,`release_date`,`created_time`) values (1,0,1,'',181,1,1,1,1,0,'2020-05-04 15:18:13','2020-05-05 14:24:35'),(2,1,1,'',181,1,1,1,1,0,'2020-05-04 15:18:13','2020-05-05 14:24:35'),(3,0,1,'java',0,1246472013669851138,NULL,NULL,NULL,0,'2020-05-04 00:02:47','2020-05-05 14:24:35'),(4,1,1,'java',0,1246472013669851138,NULL,NULL,NULL,0,'2020-05-04 00:02:47','2020-05-05 14:24:35');

/*Table structure for table `ap_hot_words` */

DROP TABLE IF EXISTS `ap_hot_words`;

CREATE TABLE `ap_hot_words` (
  `id` int(11) unsigned NOT NULL AUTO_INCREMENT,
  `hot_words` varchar(20) COLLATE utf8mb4_unicode_ci DEFAULT NULL COMMENT '热词',
  `type` tinyint(2) DEFAULT NULL COMMENT '0:热,1:荐,2:新,3:火,4:精,5:亮',
  `hot_date` varchar(15) COLLATE utf8mb4_unicode_ci DEFAULT NULL COMMENT '热词日期',
  `created_time` datetime DEFAULT NULL COMMENT '创建时间',
  PRIMARY KEY (`id`) USING BTREE,
  KEY `idx_hot_date` (`hot_date`) USING BTREE
) ENGINE=InnoDB DEFAULT CHARSET=utf8mb4 COLLATE=utf8mb4_unicode_ci ROW_FORMAT=DYNAMIC COMMENT='搜索热词表';

/*Data for the table `ap_hot_words` */

/*Table structure for table `undo_log` */

DROP TABLE IF EXISTS `undo_log`;

CREATE TABLE `undo_log` (
  `id` bigint(20) NOT NULL AUTO_INCREMENT,
  `branch_id` bigint(20) NOT NULL,
  `xid` varchar(100) NOT NULL,
  `context` varchar(128) NOT NULL,
  `rollback_info` longblob NOT NULL,
  `log_status` int(11) NOT NULL,
  `log_created` datetime NOT NULL,
  `log_modified` datetime NOT NULL,
  PRIMARY KEY (`id`),
  UNIQUE KEY `ux_undo_log` (`xid`,`branch_id`)
) ENGINE=InnoDB DEFAULT CHARSET=utf8;

/*Data for the table `undo_log` */

/*!40101 SET SQL_MODE=@OLD_SQL_MODE */;
/*!40014 SET FOREIGN_KEY_CHECKS=@OLD_FOREIGN_KEY_CHECKS */;
/*!40014 SET UNIQUE_CHECKS=@OLD_UNIQUE_CHECKS */;
/*!40111 SET SQL_NOTES=@OLD_SQL_NOTES */;
